player_id,name,first_name,last_name,short_name,date_of_birth,derived_age,nationality,nationality_raw,nationality_id,height,weight,club,club_id,league,league_id,position,positions,alternative_positions,position_type,preferred_foot,overall,potential,pace,acceleration,sprint_speed,shooting,finishing,shot_power,long_shots,volleys,penalties,positioning,passing,vision,crossing,free_kick_accuracy,short_passing,long_passing,curve,dribbling,agility,balance,reactions,ball_control,composure,defending,interceptions,heading_accuracy,defensive_awareness,standing_tackle,sliding_tackle,physical,jumping,stamina,strength,aggression,weak_foot,skill_moves,gk_diving,gk_handling,gk_kicking,gk_positioning,gk_reflexes,value,wage,release_clause,contract_until,playstyles,playstyles_plus,gender,gender_id,source,source_player_id,source_url,overall_source,attributes_source,potential_source,data_version,scraped_at,game_club_id,game_club_name,game_league_id,club_source,provider_card_id,card_type
19541,Glenn Morris,Glenn,Morris,,1983-12-20,42,England,England,14,183,70,Gillingham,1802,EFL League Two,,GK,GK,,Defense,Right,61,61,60,31,32,59,15,43,17,12,29,14,57,53,20,15,31,50,13,62,52,55,57,30,56,31,17,14,13,22,24,63,56,30,63,30,3,1,60,59,57,63,62,,,,,"Footwork, Cross Claimer",,Men's Football,0,ea-drop-api,19541,https://www.ea.com/games/ea-sports-fc/ratings?playerId=19541,ea-drop-api,ea-drop-api,FC26_20250921-carryover,fc27,2026-08-28T09:08:58.508Z,gillingham,Gillingham,eng-4,fc27,19541:BASE,BASE_LAUNCH
70053,Pablo Monje,Pablo,Monje,,1997-02-06,29,Argentina,Argentina,52,171,75,Dep. Riestra,115472,LPF,,CM,"CM, CDM",CDM,Midfielder,Right,63,63,62,65,60,52,49,64,45,46,70,56,65,63,57,57,70,69,61,65,67,74,56,67,67,56,43,60,59,58,58,60,65,70,58,53,3,2,15,7,5,11,13,,,,,,,Men's Football,0,ea-drop-api,70053,https://www.ea.com/games/ea-sports-fc/ratings?playerId=70053,ea-drop-api,ea-drop-api,FC26_20250921-carryover,fc27,2026-08-28T09:08:58.508Z,deportivo-riestra,Deportivo Riestra,arg,fc27,70053:BASE,BASE_LAUNCH
70141,Nick Pariano,Nick,Pariano,,2003-03-16,23,USA,United States,95,170,66,Philadelphia,112134,MLS,,CAM,"CAM, CM",CM,Midfielder,Right,55,65,59,63,56,41,42,40,36,40,45,45,60,54,53,58,65,64,60,58,70,85,46,57,51,35,26,40,33,36,49,46,36,56,42,46,3,2,5,11,6,8,12,,,,,,,Men's Football,0,ea-drop-api,70141,https://www.ea.com/games/ea-sports-fc/ratings?playerId=70141,ea-drop-api,ea-drop-api,FC26_20250921-carryover,fc27,2026-08-28T09:08:58.508Z,philadelphia-union,Philadelphia Union,mls,fc27,70141:BASE,BASE_LAUNCH
70264,Rupérez,Iñaki,Rupérez Urtasun,Rupérez,2003-01-07,23,Spain,Spain,45,180,75,Real Sociedad B,110711,LALIGA HYPERMOTION,,RB,"RB, RM",RM,Defense,Right,64,74,64,62,65,58,61,60,55,40,49,58,60,59,66,34,62,55,60,63,63,64,63,64,55,61,62,54,61,61,61,60,61,63,62,52,3,3,14,10,8,6,12,,,,,,,Men's Football,0,ea-drop-api,70264,https://www.ea.com/games/ea-sports-fc/ratings?playerId=70264,ea-drop-api,ea-drop-api,FC26_20250921-carryover,fc27,2026-08-28T09:08:58.508Z,,,,,70264:BASE,BASE_LAUNCH
70432,Ben Hatton,Ben,Hatton,,2005-11-01,20,England,England,14,177,70,Rotherham Utd,1797,EFL League One,,CAM,"CAM, CM",CM,Midfielder,Right,55,69,68,69,67,47,48,45,46,44,54,50,52,55,40,46,57,55,51,56,70,72,54,54,56,50,47,48,51,50,52,49,47,56,45,50,2,2,6,15,11,10,6,,,,,,,Men's Football,0,ea-drop-api,70432,https://www.ea.com/games/ea-sports-fc/ratings?playerId=70432,ea-drop-api,ea-drop-api,FC26_20250921-carryover,fc27,2026-08-28T09:08:58.508Z,rotherham-utd,Rotherham Utd,eng-3,fc27,70432:BASE,BASE_LAUNCH
70515,Andriano Lebib,Andriano,Lebib,,2006-01-29,20,Australia,Australia,195,182,83,Perth Glory,111399,A-League,,CB,CB,,Defense,Right,57,72,90,89,91,24,21,36,17,21,28,27,35,30,22,25,48,34,22,36,47,49,70,31,53,56,56,45,59,54,62,60,71,53,66,53,3,2,14,8,13,5,8,,,,,,,Men's Football,0,ea-drop-api,70515,https://www.ea.com/games/ea-sports-fc/ratings?playerId=70515,ea-drop-api,ea-drop-api,FC26_20250921-carryover,fc27,2026-08-28T09:08:58.508Z,perth-glory,Perth Glory,aus,fc27,70515:BASE,BASE_LAUNCH
70671,Chissumba,Francisco Edgar,Chissumba Rodrigues,Chissumba,2005-05-29,21,Portugal,Portugal,38,180,73,FC Alverca,717,Liga Portugal,,LB,"LB, LM",LM,Defense,Left,70,80,81,80,82,44,40,47,42,47,37,73,66,70,70,49,65,65,68,70,77,70,64,72,74,63,64,50,64,68,60,70,71,77,69,62,2,2,13,15,8,11,14,,,,,,,Men's Football,0,ea-drop-api,70671,https://www.ea.com/games/ea-sports-fc/ratings?playerId=70671,ea-drop-api,ea-drop-api,FC26_20250921-carryover,fc27,2026-08-28T09:08:58.508Z,,,,,70671:BASE,BASE_LAUNCH
70756,Miguel Vegas,Miguel,Vegas,,2006-05-22,20,Venezuela,Venezuela,61,168,62,,,Sudamericana,,CDM,"CDM, CM",CM,Midfielder,Left,64,76,63,62,64,44,46,47,40,31,43,49,60,56,42,37,73,71,42,61,53,80,65,65,48,58,60,45,53,64,63,51,47,56,45,62,2,2,6,8,8,14,14,,,,,,,Men's Football,0,ea-drop-api,70756,https://www.ea.com/games/ea-sports-fc/ratings?playerId=70756,ea-drop-api,ea-drop-api,FC26_20250921-carryover,fc27,2026-08-28T09:08:58.508Z,,,,,70756:BASE,BASE_LAUNCH
70867,Dominik Hollý,Dominik,Hollý,,2003-11-11,22,Slovakia,Slovakia,43,181,67,Sparta Praha,267,Česká Liga,,CM,CM,,Midfielder,Right,56,62,59,60,59,45,45,51,35,41,56,46,58,58,53,46,63,58,50,56,60,64,54,55,49,55,54,50,52,59,60,56,53,57,54,60,3,2,11,7,9,13,6,,,,,,,Men's Football,0,ea-drop-api,70867,https://www.ea.com/games/ea-sports-fc/ratings?playerId=70867,ea-drop-api,ea-drop-api,FC26_20250921-carryover,fc27,2026-08-28T09:08:58.508Z,,,,,70867:BASE,BASE_LAUNCH
70968,Kamil Cybulski,Kamil,Cybulski,,2005-12-02,20,Poland,Poland,37,174,63,Widzew Łódź,301,PKO BP Ekstraklasa,,LW,"LW, LM, RM","LM, RM",Attack,Right,63,76,77,80,75,55,57,57,48,51,45,63,60,60,60,38,65,61,47,62,72,76,62,60,62,51,48,51,47,55,54,59,65,69,55,55,3,3,10,10,6,11,6,,,,,,,Men's Football,0,ea-drop-api,70968,https://www.ea.com/games/ea-sports-fc/ratings?playerId=70968,ea-drop-api,ea-drop-api,FC26_20250921-carryover,fc27,2026-08-28T09:08:58.508Z,,,,,70968:BASE,BASE_LAUNCH
71131,Katie Reid,Katie,Reid,,2006-09-25,19,England,England,14,180,64,Arsenal,116009,Barclays WSL,,CB,CB,,Defense,Right,60,,51,53,49,36,38,40,30,29,38,35,47,45,33,26,59,53,25,52,56,59,58,63,47,62,58,59,61,65,64,50,54,42,50,60,3,2,11,8,11,10,10,,,,,,,Women's Football,1,ea-drop-api,71131,https://www.ea.com/games/ea-sports-fc/ratings?playerId=71131,ea-drop-api,ea-drop-api,,fc27,2026-08-28T09:08:58.508Z,,,,,71131:BASE,BASE_LAUNCH
71234,Kwak Sung Hun,Sung Hun,Kwak,Kwak Sung Hun,2006-06-18,20,South Korea,Korea Republic,167,190,76,Gwangju FC,112258,K League 1,,CB,CB,,Defense,Right,49,60,56,57,55,25,20,35,22,25,37,29,28,30,21,29,33,24,25,34,49,50,41,30,44,50,50,42,50,50,55,51,48,34,61,47,3,2,12,13,8,8,10,,,,,,,Men's Football,0,ea-drop-api,71234,https://www.ea.com/games/ea-sports-fc/ratings?playerId=71234,ea-drop-api,ea-drop-api,FC26_20250921-carryover,fc27,2026-08-28T09:08:58.508Z,gwangju-fc,Gwangju FC,kor,fc27,71234:BASE,BASE_LAUNCH
71343,Jeremy Agbonifo,Jeremy,Agbonifo,,2005-10-24,20,Sweden,Sweden,46,178,68,FC Basel 1893,896,Brack Super League,,RW,"RW, LW, RM","LW, RM",Attack,Left,66,78,87,86,88,60,62,65,55,51,47,58,59,59,58,43,62,60,51,68,77,76,62,65,63,33,31,43,24,38,35,58,65,59,60,50,3,3,8,11,13,8,14,,,,,,,Men's Football,0,ea-drop-api,71343,https://www.ea.com/games/ea-sports-fc/ratings?playerId=71343,ea-drop-api,ea-drop-api,FC26_20250921-carryover,fc27,2026-08-28T09:08:58.508Z,fc-basel,FC Basel,che,fc27,71343:BASE,BASE_LAUNCH
71462,Mateo Clemente,Mateo,Clemente,,2002-06-12,24,Argentina,Argentina,52,184,77,San Lorenzo,1013,LPF,,GK,GK,,Defense,Left,59,69,58,26,28,59,9,44,5,5,17,8,58,38,11,12,30,29,11,60,33,44,50,12,23,27,6,11,8,12,10,58,39,21,44,28,2,1,58,59,58,58,60,,,,,,,Men's Football,0,ea-drop-api,71462,https://www.ea.com/games/ea-sports-fc/ratings?playerId=71462,ea-drop-api,ea-drop-api,FC26_20250921-carryover,fc27,2026-08-28T09:08:58.508Z,san-lorenzo-de-almagro,San Lorenzo de Almagro,arg,fc27,71462:BASE,BASE_LAUNCH
71586,Kennedy Wesley,Kennedy,Wesley,,2001-03-08,25,USA,United States,95,165,60,San Diego Wave,116312,NWSL,,CB,CB,,Defense,Right,68,,51,52,51,44,40,59,43,32,41,45,59,57,50,40,68,59,58,61,51,75,67,68,63,68,68,62,67,70,67,66,69,49,74,67,3,2,9,8,7,13,6,,,,,Precision Header,,Women's Football,1,ea-drop-api,71586,https://www.ea.com/games/ea-sports-fc/ratings?playerId=71586,ea-drop-api,ea-drop-api,,fc27,2026-08-28T09:08:58.508Z,,,,,71586:BASE,BASE_LAUNCH
71706,Laurine Hannequin,Laurine,Hannequin,,2003-06-15,23,France,France,18,168,58,Strasbourg,131724,Arkema PL,,CAM,"CAM, ST, CM","ST, CM",Midfielder,Right,69,,48,57,40,64,62,69,78,30,41,70,65,71,50,53,75,71,30,67,61,48,68,71,52,46,42,40,40,55,49,58,50,71,57,47,3,3,12,9,11,14,12,,,,,,,Women's Football,1,ea-drop-api,71706,https://www.ea.com/games/ea-sports-fc/ratings?playerId=71706,ea-drop-api,ea-drop-api,,fc27,2026-08-28T09:08:58.508Z,,,,,71706:BASE,BASE_LAUNCH
71897,Mathys Angély,Mathys,Angély,,2007-04-21,19,France,France,18,190,79,VfL Wolfsburg,175,Bundesliga,,CB,"CB, CDM",CDM,Defense,Left,61,79,54,53,54,30,24,50,25,25,35,30,47,38,29,23,62,56,50,56,49,52,50,62,41,62,60,60,61,65,59,63,64,60,66,57,3,2,8,14,13,14,14,,,,,,,Men's Football,0,ea-drop-api,71897,https://www.ea.com/games/ea-sports-fc/ratings?playerId=71897,ea-drop-api,ea-drop-api,FC26_20250921-carryover,fc27,2026-08-28T09:08:58.508Z,wolfsburg,VfL Wolfsburg,ger,fc27,71897:BASE,BASE_LAUNCH
72018,Dominic Vincze,Dominic,Vincze,,2004-03-01,22,Austria,Austria,4,188,80,TSV Hartberg,2017,Ö. Bundesliga,,LB,"LB, RB, CB","RB, CB",Defense,Left,63,74,75,74,76,45,42,53,44,43,41,43,52,40,55,35,61,52,50,53,69,61,56,54,52,61,61,59,60,63,59,68,76,64,74,57,3,2,12,10,7,14,10,,,,,,,Men's Football,0,ea-drop-api,72018,https://www.ea.com/games/ea-sports-fc/ratings?playerId=72018,ea-drop-api,ea-drop-api,FC26_20250921-carryover,fc27,2026-08-28T09:08:58.508Z,hartberg,TSV Hartberg,aut,fc27,72018:BASE,BASE_LAUNCH
72134,Kémo Cissé,Kémo,Cissé,,1996-12-15,29,France,France,18,170,63,Red Star FC,111273,Ligue 2 BKT,,RM,"RM, LM, RB","LM, RB",Midfielder,Left,63,63,77,80,74,58,57,63,56,55,54,61,57,57,59,53,57,53,60,67,87,86,59,65,57,23,19,44,19,22,27,46,47,53,39,55,3,3,14,13,10,12,11,,,,,,,Men's Football,0,ea-drop-api,72134,https://www.ea.com/games/ea-sports-fc/ratings?playerId=72134,ea-drop-api,ea-drop-api,FC26_20250921-carryover,fc27,2026-08-28T09:08:58.508Z,red-star-fc,Red Star FC,fra-2,fc27,72134:BASE,BASE_LAUNCH
72285,Henar Muiña,Henar,Muiña Asla,Henar Muiña,1999-10-20,26,Spain,Spain,45,167,62,RC Deportivo,131720,Liga F Moeve,,CDM,"CDM, CM",CM,Midfielder,Right,70,,52,48,55,51,51,54,50,41,45,52,62,62,51,41,72,65,42,64,48,71,62,74,66,68,74,51,71,69,64,70,60,72,71,65,2,2,11,14,11,9,11,,,,,,,Women's Football,1,ea-drop-api,72285,https://www.ea.com/games/ea-sports-fc/ratings?playerId=72285,ea-drop-api,ea-drop-api,,fc27,2026-08-28T09:08:58.508Z,,,,,72285:BASE,BASE_LAUNCH
72384,Luka Jurak,Luka,Jurak,,2005-07-21,21,Croatia,Croatia,10,178,71,Hajduk Split,263,Liga Hrvatska,,CM,"CM, CAM",CAM,Midfielder,Left,62,76,68,69,67,48,43,57,48,41,51,55,62,62,63,47,64,62,59,65,65,59,60,69,61,53,42,46,56,59,53,64,59,74,60,64,3,3,12,6,15,12,6,,,,,,,Men's Football,0,ea-drop-api,72384,https://www.ea.com/games/ea-sports-fc/ratings?playerId=72384,ea-drop-api,ea-drop-api,FC26_20250921-carryover,fc27,2026-08-28T09:08:58.508Z,hajduk-split,HNK Hajduk Split,cro,fc27,72384:BASE,BASE_LAUNCH
72542,Christian Lichtenberger,Christian,Lichtenberger,,1995-12-12,30,Austria,Austria,4,172,66,Grazer AK,113616,Ö. Bundesliga,,RW,"RW, CAM, RM","CAM, RM",Attack,Left,65,65,64,67,61,66,64,72,70,63,53,67,63,63,66,66,62,57,73,66,71,79,62,64,62,48,45,39,48,52,49,54,46,63,49,56,4,3,10,14,11,9,14,,,,,,,Men's Football,0,ea-drop-api,72542,https://www.ea.com/games/ea-sports-fc/ratings?playerId=72542,ea-drop-api,ea-drop-api,FC26_20250921-carryover,fc27,2026-08-28T09:08:58.508Z,grazer-ak,Grazer AK,aut,fc27,72542:BASE,BASE_LAUNCH
72658,Vasco Lopes,Vasco Rafael,Fortes Lopes,Vasco Lopes,1999-09-02,26,Cabo Verde,Cape Verde Islands,104,188,76,Radomiak Radom,111088,PKO BP Ekstraklasa,,RM,"RM, RW",RW,Midfielder,Left,67,68,80,79,81,61,63,66,54,58,54,67,60,62,61,43,65,56,47,70,78,60,51,70,63,31,26,47,27,30,36,55,64,62,59,35,2,3,8,8,13,9,14,,,,,,,Men's Football,0,ea-drop-api,72658,https://www.ea.com/games/ea-sports-fc/ratings?playerId=72658,ea-drop-api,ea-drop-api,FC26_20250921-carryover,fc27,2026-08-28T09:08:58.508Z,radomiak-radom,Radomiak Radom,pol,fc27,72658:BASE,BASE_LAUNCH
72779,Thilo Töpken,Thilo,Töpken,,1999-02-27,27,Germany,Germany,21,194,90,MSV Duisburg,1825,3. Liga,,ST,ST,,Attack,Left,62,65,70,68,72,60,60,61,58,53,63,62,50,50,44,42,55,52,44,57,57,53,59,55,58,46,44,61,42,47,44,73,80,63,85,55,3,2,8,7,6,14,11,,,,,Enforcer,,Men's Football,0,ea-drop-api,72779,https://www.ea.com/games/ea-sports-fc/ratings?playerId=72779,ea-drop-api,ea-drop-api,FC26_20250921-carryover,fc27,2026-08-28T09:08:58.508Z,,,,,72779:BASE,BASE_LAUNCH
72868,Toral Bayramov,Toral,Bayramov,,2001-02-23,25,Azerbaijan,Azerbaijan,5,185,79,Qarabağ FK,113888,Liga Azerbaijan,,LB,"LB, RB, CB, LM","RB, CB, LM",Defense,Left,69,75,76,78,74,64,63,70,61,55,78,61,67,67,71,65,64,68,61,68,70,66,65,68,61,64,66,55,63,67,65,69,73,72,69,63,3,3,6,8,11,15,9,,,,,,,Men's Football,0,ea-drop-api,72868,https://www.ea.com/games/ea-sports-fc/ratings?playerId=72868,ea-drop-api,ea-drop-api,FC26_20250921-carryover,fc27,2026-08-28T09:08:58.508Z,,,,,72868:BASE,BASE_LAUNCH
72937,Florian Wiegele,Florian,Wiegele,,2001-03-21,25,Austria,Austria,4,205,87,Viktoria Plzeň,110468,Česká Liga,,GK,GK,,Defense,Left,67,72,70,23,23,64,6,47,7,8,15,5,63,44,14,12,18,29,10,66,21,29,63,14,39,23,14,10,9,12,13,65,58,27,71,28,3,1,70,64,63,65,66,,,,,Cross Claimer,,Men's Football,0,ea-drop-api,72937,https://www.ea.com/games/ea-sports-fc/ratings?playerId=72937,ea-drop-api,ea-drop-api,FC26_20250921-carryover,fc27,2026-08-28T09:08:58.508Z,viktoria-plzen,FC Viktoria Plzeň,cze,fc27,72937:BASE,BASE_LAUNCH
73009,Ramien Safi,Ramien,Safi,,1999-10-17,26,Netherlands,Holland,34,177,71,Rot-Weiss Essen,526,3. Liga,,RM,"RM, CAM, ST, RW","CAM, ST, RW",Midfielder,Left,63,65,79,81,77,63,65,69,57,57,58,50,53,52,51,50,58,44,63,66,73,71,63,64,60,34,32,41,33,35,34,55,54,77,49,45,4,3,7,5,10,8,10,,,,,,,Men's Football,0,ea-drop-api,73009,https://www.ea.com/games/ea-sports-fc/ratings?playerId=73009,ea-drop-api,ea-drop-api,FC26_20250921-carryover,fc27,2026-08-28T09:08:58.508Z,rot-weiss-essen,Rot-Weiss Essen,ger-3,fc27,73009:BASE,BASE_LAUNCH
73070,Promise David,Promise,David,,2001-07-03,25,Canada,Canada,70,195,91,R. Union St.-G.,2014,1A Pro League,,ST,ST,,Attack,Right,75,80,62,57,66,78,83,82,66,70,75,75,59,69,52,56,66,47,30,64,40,35,68,71,71,29,20,76,25,24,26,84,86,72,93,74,3,2,12,13,10,8,6,,,,,"Precision Header, Bruiser, Enforcer",,Men's Football,0,ea-drop-api,73070,https://www.ea.com/games/ea-sports-fc/ratings?playerId=73070,ea-drop-api,ea-drop-api,FC26_20250921-carryover,fc27,2026-08-28T09:08:58.508Z,union-sg,Royale Union Saint-Gilloise,bel,fc27,73070:BASE,BASE_LAUNCH
73131,Ismail Badjie,Ismail,Badjie,,2005-10-17,20,Gambia,Gambia,116,175,66,VfL Osnabrück,487,3. Liga,,RW,"RW, RM, LW","RM, LW",Attack,Right,58,70,78,81,75,55,59,57,49,50,45,56,51,50,50,35,54,52,51,59,73,78,56,57,53,32,31,40,32,32,30,59,64,50,70,39,4,3,5,6,6,12,11,,,,,,,Men's Football,0,ea-drop-api,73131,https://www.ea.com/games/ea-sports-fc/ratings?playerId=73131,ea-drop-api,ea-drop-api,FC26_20250921-carryover,fc27,2026-08-28T09:08:58.508Z,vfl-osnabruck,VfL Osnabrück,ger-3,fc27,73131:BASE,BASE_LAUNCH
73200,Stefano Cella,Stefano,Cella,,2001-04-19,25,Italy,Italy,27,185,78,Mantova,111433,Serie BKT,,CB,CB,,Defense,Right,65,72,59,55,62,35,30,60,25,30,35,23,47,30,40,29,60,55,40,47,45,52,60,55,50,65,62,68,65,66,61,71,72,69,75,61,3,2,6,7,12,10,12,,,,,Block,,Men's Football,0,ea-drop-api,73200,https://www.ea.com/games/ea-sports-fc/ratings?playerId=73200,ea-drop-api,ea-drop-api,FC26_20250921-carryover,fc27,2026-08-28T09:08:58.508Z,mantova,Mantova,ita-2,fc27,73200:BASE,BASE_LAUNCH
73295,Simon Wæver,Simon,Wæver,,1996-01-21,30,Denmark,Denmark,13,182,76,Sønderjyske,1447,3F Superliga,,RB,"RB, RM",RM,Defense,Right,58,60,68,68,68,44,40,55,42,46,44,47,50,31,56,45,56,55,44,59,64,68,54,59,54,54,55,39,53,59,59,55,53,36,62,64,2,2,10,14,15,8,11,,,,,,,Men's Football,0,ea-drop-api,73295,https://www.ea.com/games/ea-sports-fc/ratings?playerId=73295,ea-drop-api,ea-drop-api,FC26_20250921-carryover,fc27,2026-08-28T09:08:58.508Z,sonderjyske,Sønderjyske,den,fc27,73295:BASE,BASE_LAUNCH
73377,Loun Srdanović,Loun,Srdanović,,2006-08-04,20,Switzerland,Switzerland,47,180,71,Servette FC,324,Brack Super League,,RB,"RB, RM",RM,Defense,Right,57,74,68,69,68,35,39,30,31,29,40,45,41,39,40,29,50,27,39,55,57,68,56,50,39,55,54,40,55,58,60,50,43,56,48,49,3,2,7,6,13,13,12,,,,,,,Men's Football,0,ea-drop-api,73377,https://www.ea.com/games/ea-sports-fc/ratings?playerId=73377,ea-drop-api,ea-drop-api,FC26_20250921-carryover,fc27,2026-08-28T09:08:58.508Z,servette,Servette FC,che,fc27,73377:BASE,BASE_LAUNCH
73453,Gustavo Garcia,Gustavo,Garcia dos Santos,Gustavo Garcia,2002-01-04,24,Brazil,Brazil,54,175,67,FC Famalicão,112809,Liga Portugal,,RB,"RB, RM",RM,Defense,Right,72,79,79,77,80,40,37,47,35,34,44,59,63,55,71,40,66,63,63,73,81,77,70,74,58,65,74,53,61,68,66,60,61,82,48,64,2,2,7,12,12,7,9,,,,,"Long Ball Pass, Whipped Pass",,Men's Football,0,ea-drop-api,73453,https://www.ea.com/games/ea-sports-fc/ratings?playerId=73453,ea-drop-api,ea-drop-api,FC26_20250921-carryover,fc27,2026-08-28T09:08:58.508Z,famalicao,FC Famalicão,por,fc27,73453:BASE,BASE_LAUNCH
73582,Marin Soticek,Marin,Soticek,,2004-09-18,21,Croatia,Croatia,10,183,75,FC Basel 1893,896,Brack Super League,,RW,"RW, LW, RM","LW, RM",Attack,Right,66,81,76,75,77,64,70,66,55,43,55,67,54,65,53,41,52,53,47,72,79,72,50,70,51,24,21,43,20,24,22,59,61,66,66,31,5,3,10,10,7,10,15,,,,,Rapid,,Men's Football,0,ea-drop-api,73582,https://www.ea.com/games/ea-sports-fc/ratings?playerId=73582,ea-drop-api,ea-drop-api,FC26_20250921-carryover,fc27,2026-08-28T09:08:58.508Z,fc-basel,FC Basel,che,fc27,73582:BASE,BASE_LAUNCH
73659,Oliver Randazzo,Oliver,Randazzo,,2006-01-07,20,Australia,Australia,195,182,67,Macarthur FC,114604,A-League,,CAM,"CAM, CM, RM","CM, RM",Midfielder,Left,53,69,66,68,64,48,47,54,45,42,50,48,50,55,43,43,54,47,51,56,67,69,50,54,49,41,44,37,38,43,38,54,48,55,57,46,3,2,12,5,10,15,15,,,,,,,Men's Football,0,ea-drop-api,73659,https://www.ea.com/games/ea-sports-fc/ratings?playerId=73659,ea-drop-api,ea-drop-api,FC26_20250921-carryover,fc27,2026-08-28T09:08:58.508Z,macarthur-fc,Macarthur FC,aus,fc27,73659:BASE,BASE_LAUNCH
73764,Naomie Vagre,Naomie,Vagre,,2001-01-03,25,France,France,18,169,57,RC Lens,132588,Arkema PL,,ST,ST,,Attack,Right,69,,66,68,64,68,69,69,68,65,56,66,52,45,34,58,70,46,45,70,56,61,67,74,55,25,11,68,20,25,23,59,71,56,65,47,3,2,12,10,8,11,6,,,,,,,Women's Football,1,ea-drop-api,73764,https://www.ea.com/games/ea-sports-fc/ratings?playerId=73764,ea-drop-api,ea-drop-api,,fc27,2026-08-28T09:08:58.508Z,,,,,73764:BASE,BASE_LAUNCH
73912,Elton Yeboah,Elton,Yeboah,,2005-03-25,21,Belgium,Belgium,7,185,75,KV Mechelen,110724,1A Pro League,,CM,CM,,Midfielder,Left,57,70,61,66,57,47,48,51,42,32,43,53,54,54,40,38,65,58,39,53,63,59,55,55,41,53,60,47,38,63,61,64,60,61,69,58,3,2,7,15,12,9,6,,,,,,,Men's Football,0,ea-drop-api,73912,https://www.ea.com/games/ea-sports-fc/ratings?playerId=73912,ea-drop-api,ea-drop-api,FC26_20250921-carryover,fc27,2026-08-28T09:08:58.508Z,mechelen,KV Mechelen,bel,fc27,73912:BASE,BASE_LAUNCH
73994,Tim Krohn,Tim,Krohn,,2005-10-07,20,Germany,Germany,21,185,79,FC Hansa Rostock,27,3. Liga,,ST,ST,,Attack,Left,60,70,69,67,70,59,63,60,58,43,55,52,46,50,34,35,55,46,30,61,58,61,58,60,49,23,26,58,22,12,18,62,68,64,68,44,3,2,13,9,11,7,8,,,,,,,Men's Football,0,ea-drop-api,73994,https://www.ea.com/games/ea-sports-fc/ratings?playerId=73994,ea-drop-api,ea-drop-api,FC26_20250921-carryover,fc27,2026-08-28T09:08:58.508Z,fc-hansa-rostock,FC Hansa Rostock,ger-3,fc27,73994:BASE,BASE_LAUNCH
74085,Nikolaos Botis,Nikolaos,Botis,,2004-03-31,22,Greece,Greece,22,191,77,Olympiacos FC,280,Hellas Liga,,GK,GK,,Defense,Right,61,71,64,31,30,60,8,41,5,9,18,5,55,34,14,12,19,16,10,63,30,25,50,18,27,31,12,12,6,14,11,60,52,19,56,23,2,1,64,60,55,60,63,,,,,,,Men's Football,0,ea-drop-api,74085,https://www.ea.com/games/ea-sports-fc/ratings?playerId=74085,ea-drop-api,ea-drop-api,FC26_20250921-carryover,fc27,2026-08-28T09:08:58.508Z,olympiacos,Olympiacos FC,gre,fc27,74085:BASE,BASE_LAUNCH
74175,Anton Ekeroth,Anton,Ekeroth,,2001-09-16,24,Sweden,Sweden,46,181,72,HamKam Fotball,1756,Eliteserien,,LB,"LB, LM",LM,Defense,Left,63,70,79,77,80,37,36,41,32,37,37,54,53,55,59,32,53,51,49,55,57,65,54,56,52,57,60,53,55,58,56,62,66,75,57,58,3,2,10,9,10,13,11,,,,,,,Men's Football,0,ea-drop-api,74175,https://www.ea.com/games/ea-sports-fc/ratings?playerId=74175,ea-drop-api,ea-drop-api,FC26_20250921-carryover,fc27,2026-08-28T09:08:58.508Z,,,,,74175:BASE,BASE_LAUNCH
74338,Billy Kirkman,Billy,Kirkman,,2004-02-26,22,England,England,14,186,76,Swindon Town,1934,EFL League Two,,LB,"LB, CB",CB,Defense,Left,57,68,72,70,74,41,42,41,40,39,38,50,50,46,54,37,53,46,49,51,60,62,47,49,48,52,50,50,50,55,51,65,64,62,68,61,3,2,8,12,8,5,13,,,,,,,Men's Football,0,ea-drop-api,74338,https://www.ea.com/games/ea-sports-fc/ratings?playerId=74338,ea-drop-api,ea-drop-api,FC26_20250921-carryover,fc27,2026-08-28T09:08:58.508Z,swindon-town,Swindon Town,eng-4,fc27,74338:BASE,BASE_LAUNCH
74411,Matteo Dams,Matteo,Dams,,2004-03-09,22,Belgium,Belgium,7,184,73,Al Ahli,112387,ROSHN Saudi League,,LB,"LB, CB, LM","CB, LM",Defense,Left,68,79,74,72,75,50,56,47,50,33,44,39,56,49,52,30,67,63,37,61,65,64,65,64,64,66,67,63,64,66,68,73,79,68,77,67,4,2,7,6,13,15,10,,,,,,,Men's Football,0,ea-drop-api,74411,https://www.ea.com/games/ea-sports-fc/ratings?playerId=74411,ea-drop-api,ea-drop-api,FC26_20250921-carryover,fc27,2026-08-28T09:08:58.508Z,al-ahli-sfc,Al Ahli SFC,sau,fc27,74411:BASE,BASE_LAUNCH
74497,Nesta Zahui,Nesta,Zahui,,2003-03-05,23,France,France,18,175,65,Grenoble Foot 38,1805,Ligue 2 BKT,,RM,"RM, RB, RW","RB, RW",Midfielder,Right,58,66,75,79,71,45,42,52,39,54,52,59,53,62,53,46,55,42,42,60,75,81,47,61,51,49,49,41,45,56,48,45,46,44,42,53,3,3,12,12,12,11,7,,,,,,,Men's Football,0,ea-drop-api,74497,https://www.ea.com/games/ea-sports-fc/ratings?playerId=74497,ea-drop-api,ea-drop-api,FC26_20250921-carryover,fc27,2026-08-28T09:08:58.508Z,grenoble-foot-38,Grenoble Foot 38,fra-2,fc27,74497:BASE,BASE_LAUNCH
74599,Kim Yun Ho,Yun Ho,Kim,Kim Yun Ho,2007-05-13,19,South Korea,Korea Republic,167,189,80,Gwangju FC,112258,K League 1,,ST,ST,,Attack,Right,49,68,51,49,52,48,54,45,38,39,56,50,33,42,20,27,38,28,30,41,49,47,46,45,41,23,15,63,18,22,20,61,63,62,66,45,3,2,10,15,13,11,8,,,,,,,Men's Football,0,ea-drop-api,74599,https://www.ea.com/games/ea-sports-fc/ratings?playerId=74599,ea-drop-api,ea-drop-api,FC26_20250921-carryover,fc27,2026-08-28T09:08:58.508Z,gwangju-fc,Gwangju FC,kor,fc27,74599:BASE,BASE_LAUNCH
74701,Abdulaziz Al Othman,Abdulaziz,Al Othman,,2004-01-02,22,Saudi Arabia,Saudi Arabia,183,180,70,Al Qadsiah,112391,ROSHN Saudi League,,ST,"ST, RM, RW","RM, RW",Attack,Right,60,72,74,71,76,54,59,56,42,45,45,60,48,47,50,32,53,41,40,56,71,64,57,55,48,34,31,67,32,30,28,69,78,66,71,64,4,2,12,9,13,9,6,,,,,,,Men's Football,0,ea-drop-api,74701,https://www.ea.com/games/ea-sports-fc/ratings?playerId=74701,ea-drop-api,ea-drop-api,FC26_20250921-carryover,fc27,2026-08-28T09:08:58.508Z,al-qadsiah-fc,Al Qadsiah FC,sau,fc27,74701:BASE,BASE_LAUNCH
74797,Gonzalo Zelarayán,Gonzalo,Zelarayán,,2004-04-28,22,Argentina,Argentina,52,180,78,Belgrano,111022,LPF,,ST,ST,,Attack,Left,50,61,52,55,50,51,52,53,47,43,60,46,35,41,31,26,38,30,31,49,56,64,50,50,49,18,19,54,11,14,16,54,57,58,61,29,3,2,11,8,8,11,11,,,,,,,Men's Football,0,ea-drop-api,74797,https://www.ea.com/games/ea-sports-fc/ratings?playerId=74797,ea-drop-api,ea-drop-api,FC26_20250921-carryover,fc27,2026-08-28T09:08:58.508Z,belgrano-de-cordoba,Belgrano de Córdoba,arg,fc27,74797:BASE,BASE_LAUNCH
74906,Matías Klimowicz,Matías,Klimowicz,,2007-03-24,19,Ecuador,Ecuador,57,185,76,Instituto,110953,LPF,,ST,ST,,Attack,Right,55,76,62,63,62,55,55,56,53,44,66,59,43,54,32,36,48,38,37,54,58,63,56,56,53,23,20,56,23,17,12,51,57,59,53,36,2,2,11,9,14,9,14,,,,,,,Men's Football,0,ea-drop-api,74906,https://www.ea.com/games/ea-sports-fc/ratings?playerId=74906,ea-drop-api,ea-drop-api,FC26_20250921-carryover,fc27,2026-08-28T09:08:58.508Z,instituto-atletico-central-cordoba,Instituto Atlético Central Córdoba,arg,fc27,74906:BASE,BASE_LAUNCH
74992,Soumaïla Diabaté,Soumaïla,Diabaté,,2004-11-22,21,Mali,Mali,126,168,66,RB Salzburg,191,Ö. Bundesliga,,CDM,"CDM, CM",CM,Midfielder,Right,68,79,74,78,70,54,49,66,60,39,42,58,59,60,43,40,71,66,40,67,72,89,59,67,55,65,67,48,65,68,66,63,63,83,55,60,3,2,8,7,6,7,14,,,,,,,Men's Football,0,ea-drop-api,74992,https://www.ea.com/games/ea-sports-fc/ratings?playerId=74992,ea-drop-api,ea-drop-api,FC26_20250921-carryover,fc27,2026-08-28T09:08:58.508Z,rb-salzburg,FC Red Bull Salzburg,aut,fc27,74992:BASE,BASE_LAUNCH
75126,Adrian Lahdo,Adrian,Lahdo,,2007-12-26,18,Sweden,Sweden,46,179,70,Hammarby IF,708,Allsvenskan,,CM,CM,,Midfielder,Right,57,75,64,61,67,52,54,52,51,43,43,57,56,58,49,48,59,58,49,57,62,69,53,57,56,47,54,42,37,52,48,49,42,57,48,45,3,2,9,14,14,12,7,,,,,,,Men's Football,0,ea-drop-api,75126,https://www.ea.com/games/ea-sports-fc/ratings?playerId=75126,ea-drop-api,ea-drop-api,FC26_20250921-carryover,fc27,2026-08-28T09:08:58.508Z,hammarby,Hammarby IF,swe,fc27,75126:BASE,BASE_LAUNCH
75260,Orlando Gill,Orlando,Gill,,2000-06-11,26,Paraguay,Paraguay,58,198,82,San Lorenzo,1013,LPF,,GK,GK,,Defense,Left,62,70,63,22,26,62,9,45,5,6,11,6,60,36,10,12,20,26,10,62,35,27,47,18,38,24,13,12,7,13,10,63,35,22,32,20,3,1,63,62,60,63,62,,,,,,,Men's Football,0,ea-drop-api,75260,https://www.ea.com/games/ea-sports-fc/ratings?playerId=75260,ea-drop-api,ea-drop-api,FC26_20250921-carryover,fc27,2026-08-28T09:08:58.508Z,san-lorenzo-de-almagro,San Lorenzo de Almagro,arg,fc27,75260:BASE,BASE_LAUNCH
75421,Rayane Messi,Rayane,Messi,,2007-05-23,19,France,France,18,175,65,Pau FC,110321,Ligue 2 BKT,,LM,"LM, LW",LW,Midfielder,Right,62,78,70,78,63,55,56,58,48,48,55,59,54,53,54,42,58,49,63,69,81,83,56,67,65,24,23,38,19,28,18,50,57,49,57,32,3,3,10,14,13,8,5,,,,,,,Men's Football,0,ea-drop-api,75421,https://www.ea.com/games/ea-sports-fc/ratings?playerId=75421,ea-drop-api,ea-drop-api,FC26_20250921-carryover,fc27,2026-08-28T09:08:58.508Z,pau-fc,Pau FC,fra-2,fc27,75421:BASE,BASE_LAUNCH
75539,Nathaniel Edwards,Nathaniel,Edwards,,2002-10-18,23,Canada,Canada,70,172,75,Toronto FC,111651,MLS,,RM,"RM, LM, RW","LM, RW",Midfielder,Right,54,62,77,79,76,49,47,54,53,39,46,44,48,44,52,32,50,45,49,57,72,71,40,55,49,50,46,49,50,53,52,47,58,39,51,43,3,2,9,7,12,5,7,,,,,,,Men's Football,0,ea-drop-api,75539,https://www.ea.com/games/ea-sports-fc/ratings?playerId=75539,ea-drop-api,ea-drop-api,FC26_20250921-carryover,fc27,2026-08-28T09:08:58.508Z,toronto-fc,Toronto FC,mls,fc27,75539:BASE,BASE_LAUNCH
75736,Axel Tape,Axel,Tape,,2007-08-10,19,France,France,18,180,75,Leverkusen,32,Bundesliga,,CB,CB,,Defense,Right,65,82,68,64,71,42,41,47,39,40,42,46,57,54,51,37,67,58,49,60,65,64,59,63,57,66,62,62,65,71,67,58,65,51,58,64,3,2,7,12,5,5,12,,,,,,,Men's Football,0,ea-drop-api,75736,https://www.ea.com/games/ea-sports-fc/ratings?playerId=75736,ea-drop-api,ea-drop-api,FC26_20250921-carryover,fc27,2026-08-28T09:08:58.508Z,bayer-leverkusen,Bayer Leverkusen,ger,fc27,75736:BASE,BASE_LAUNCH
75933,Maria Penner,Maria,Penner,,2007-04-28,19,Germany,Germany,21,166,56,SV Werder Bremen,116004,GPFBL,,RB,"RB, RM",RM,Defense,Right,59,,67,67,67,35,35,37,33,30,40,30,46,38,45,35,50,52,41,41,65,70,56,51,52,58,61,52,58,60,56,57,59,62,56,55,2,2,8,7,7,8,5,,,,,,,Women's Football,1,ea-drop-api,75933,https://www.ea.com/games/ea-sports-fc/ratings?playerId=75933,ea-drop-api,ea-drop-api,,fc27,2026-08-28T09:08:58.508Z,,,,,75933:BASE,BASE_LAUNCH
76106,David Zec,David,Zec,,2000-01-05,26,Slovenia,Slovenia,44,188,82,Holstein Kiel,576,Bundesliga 2,,CB,CB,,Defense,Right,71,76,65,56,73,35,33,51,25,33,36,39,49,34,37,27,66,54,38,58,60,46,68,59,65,70,69,73,71,69,64,76,78,68,78,79,3,2,8,6,8,13,15,,,,,,,Men's Football,0,ea-drop-api,76106,https://www.ea.com/games/ea-sports-fc/ratings?playerId=76106,ea-drop-api,ea-drop-api,FC26_20250921-carryover,fc27,2026-08-28T09:08:58.508Z,holstein-kiel,Holstein Kiel,ger,fc27,76106:BASE,BASE_LAUNCH
76244,Djylian N'Guessan,Djylian,N'Guessan,,2008-08-30,17,France,France,18,180,71,AS Saint-Étienne,1819,Ligue 2 BKT,,ST,ST,,Attack,Right,61,80,74,72,75,60,63,58,57,56,57,57,45,48,32,38,57,33,48,64,70,60,48,63,60,24,17,60,21,22,16,56,71,64,61,28,3,3,10,14,15,14,14,,,,,,,Men's Football,0,ea-drop-api,76244,https://www.ea.com/games/ea-sports-fc/ratings?playerId=76244,ea-drop-api,ea-drop-api,FC26_20250921-carryover,fc27,2026-08-28T09:08:58.508Z,saint-etienne,AS Saint-Étienne,fra,fc27,76244:BASE,BASE_LAUNCH
76338,Jemiah Umolu,Jemiah,Umolu,,2005-10-28,20,England,England,14,190,86,Bromley FC,112764,EFL League Two,,ST,ST,,Attack,Left,61,76,71,68,73,61,60,67,58,57,57,59,49,46,46,45,56,41,52,56,57,47,58,56,56,30,29,58,24,29,21,71,75,58,80,64,3,2,9,11,9,8,10,,,,,,,Men's Football,0,ea-drop-api,76338,https://www.ea.com/games/ea-sports-fc/ratings?playerId=76338,ea-drop-api,ea-drop-api,FC26_20250921-carryover,fc27,2026-08-28T09:08:58.508Z,bromley-fc,Bromley FC,eng-4,fc27,76338:BASE,BASE_LAUNCH
76472,Thomas Turner,Thomas,Turner,,1998-03-03,28,Austria,Austria,4,191,80,Blau-Weiss Linz,110720,Ö. Bundesliga,,GK,GK,,Defense,Left,58,61,57,23,33,54,9,44,12,11,18,8,58,37,16,14,24,25,18,61,32,31,56,23,32,27,14,15,12,16,13,57,53,23,62,26,1,1,57,54,58,57,61,,,,,,,Men's Football,0,ea-drop-api,76472,https://www.ea.com/games/ea-sports-fc/ratings?playerId=76472,ea-drop-api,ea-drop-api,FC26_20250921-carryover,fc27,2026-08-28T09:08:58.508Z,blau-weiss-linz,FC Blau-Weiß Linz,aut,fc27,76472:BASE,BASE_LAUNCH
76594,Lasse Faßmann,Lasse,Faßmann,,2006-06-06,20,Germany,Germany,21,190,85,,,3. Liga,,CB,CB,,Defense,Right,54,69,56,53,59,26,22,37,24,29,32,20,36,28,26,28,47,41,27,41,44,50,46,46,40,53,52,53,51,56,53,63,58,60,67,60,4,2,5,11,7,10,11,,,,,,,Men's Football,0,ea-drop-api,76594,https://www.ea.com/games/ea-sports-fc/ratings?playerId=76594,ea-drop-api,ea-drop-api,FC26_20250921-carryover,fc27,2026-08-28T09:08:58.508Z,1860-munchen,1860 München,ger-3,fc26-backfill,76594:BASE,BASE_LAUNCH
76676,Niklas Söderberg,Niklas,Söderberg,,1997-01-10,29,Sweden,Sweden,46,184,77,,,Allsvenskan,,CM,"CM, CAM",CAM,Midfielder,Right,60,60,62,63,61,58,59,58,57,49,60,58,54,60,38,36,61,59,39,58,57,55,60,60,52,48,59,55,25,58,54,62,69,61,72,35,3,2,6,9,9,7,8,,,,,,,Men's Football,0,ea-drop-api,76676,https://www.ea.com/games/ea-sports-fc/ratings?playerId=76676,ea-drop-api,ea-drop-api,FC26_20250921-carryover,fc27,2026-08-28T09:08:58.508Z,,,,,76676:BASE,BASE_LAUNCH
76792,Paul Seidel,Paul,Seidel,,2006-04-20,20,Germany,Germany,21,186,70,,,3. Liga,,CM,"CM, RB, CDM","RB, CDM",Midfielder,Right,56,71,69,67,70,43,44,46,37,33,39,56,55,58,49,35,63,55,35,59,60,68,47,62,54,52,57,49,51,52,48,48,48,48,48,50,3,2,12,15,14,13,9,,,,,,,Men's Football,0,ea-drop-api,76792,https://www.ea.com/games/ea-sports-fc/ratings?playerId=76792,ea-drop-api,ea-drop-api,FC26_20250921-carryover,fc27,2026-08-28T09:08:58.508Z,fc-erzgebirge-aue,FC Erzgebirge Aue,ger-3,fc26-backfill,76792:BASE,BASE_LAUNCH
76880,Róbert Frosti Þorkelsson,Róbert Frosti,Þorkelsson,,2005-08-18,21,Iceland,Iceland,24,182,71,GAIS,111594,Allsvenskan,,CM,CM,,Midfielder,Right,58,74,66,64,67,53,55,53,56,36,42,58,51,57,33,39,59,57,39,57,55,64,55,58,40,47,57,46,34,55,42,57,51,63,54,56,3,2,6,11,12,8,9,,,,,,,Men's Football,0,ea-drop-api,76880,https://www.ea.com/games/ea-sports-fc/ratings?playerId=76880,ea-drop-api,ea-drop-api,FC26_20250921-carryover,fc27,2026-08-28T09:08:58.508Z,gais,GAIS,swe,fc27,76880:BASE,BASE_LAUNCH
76981,Mazou Bambara,Mazou,Bambara,,2005-07-29,21,Burkina Faso,Burkina Faso,101,180,70,WSG Tirol,15040,Ö. Bundesliga,,CAM,"CAM, CM",CM,Midfielder,Right,56,69,65,72,59,51,52,53,49,47,46,52,52,55,45,43,56,53,49,58,68,58,51,58,49,30,27,36,33,29,28,48,44,54,45,48,3,3,10,8,5,6,6,,,,,,,Men's Football,0,ea-drop-api,76981,https://www.ea.com/games/ea-sports-fc/ratings?playerId=76981,ea-drop-api,ea-drop-api,FC26_20250921-carryover,fc27,2026-08-28T09:08:58.508Z,,,,,76981:BASE,BASE_LAUNCH
77074,Henry Sletsjøe,Henry,Sletsjøe,,2000-03-27,26,Sweden,Sweden,46,189,79,Kristiansund BK,113459,Eliteserien,,CM,"CM, RB, CDM","RB, CDM",Midfielder,Right,62,67,67,68,66,56,56,61,54,49,47,60,60,61,58,40,64,62,56,60,55,64,59,63,60,60,61,57,60,60,58,67,68,68,70,60,3,2,11,10,6,15,12,,,,,,,Men's Football,0,ea-drop-api,77074,https://www.ea.com/games/ea-sports-fc/ratings?playerId=77074,ea-drop-api,ea-drop-api,FC26_20250921-carryover,fc27,2026-08-28T09:08:58.508Z,kristiansund,Kristiansund BK,nor,fc27,77074:BASE,BASE_LAUNCH
77149,Urie-Michel Mboula,Urie-Michel,Mboula,,2003-04-30,23,Gabon,Gabon,115,185,78,FC Metz,68,Ligue 1 McDonald's,,CB,CB,,Defense,Left,67,76,64,63,64,24,19,41,17,22,34,30,40,42,27,23,51,37,33,50,50,57,60,49,56,68,66,62,69,71,69,68,72,59,71,72,2,2,11,12,14,11,14,,,,,,,Men's Football,0,ea-drop-api,77149,https://www.ea.com/games/ea-sports-fc/ratings?playerId=77149,ea-drop-api,ea-drop-api,FC26_20250921-carryover,fc27,2026-08-28T09:08:58.508Z,fc-metz,FC Metz,fra-2,fc27,77149:BASE,BASE_LAUNCH
77251,Kim Min Jae,Min Jae,Kim,Kim Min Jae,2004-06-07,22,South Korea,Korea Republic,167,179,75,Jeonbuk Hyundai,1477,K League 1,,CDM,"CDM, CM",CM,Midfielder,Right,48,58,65,59,69,37,29,50,35,36,44,52,45,43,42,39,48,49,37,44,56,72,54,39,36,44,48,49,37,45,53,52,43,64,47,52,3,2,8,11,7,9,14,,,,,,,Men's Football,0,ea-drop-api,77251,https://www.ea.com/games/ea-sports-fc/ratings?playerId=77251,ea-drop-api,ea-drop-api,FC26_20250921-carryover,fc27,2026-08-28T09:08:58.508Z,jeonbuk-hyundai-motors,Jeonbuk Hyundai Motors,kor,fc27,77251:BASE,BASE_LAUNCH
77424,Gabriele Mulazzi,Gabriele,Mulazzi,,2003-04-01,23,Italy,Italy,27,181,77,FC Sion,110770,Brack Super League,,RB,"RB, RM, LB","RM, LB",Defense,Right,61,68,72,74,70,49,53,45,48,43,38,58,56,48,59,28,63,58,52,60,69,70,52,60,52,56,56,39,55,61,61,53,48,60,49,54,3,2,6,6,7,12,8,,,,,,,Men's Football,0,ea-drop-api,77424,https://www.ea.com/games/ea-sports-fc/ratings?playerId=77424,ea-drop-api,ea-drop-api,FC26_20250921-carryover,fc27,2026-08-28T09:08:58.508Z,fc-sion,FC Sion,che,fc27,77424:BASE,BASE_LAUNCH
77545,Markus Walker,Markus,Walker,,2006-11-23,19,Denmark,Denmark,13,177,69,FC Nordsjælland,1788,3F Superliga,,CB,"CB, LB",LB,Defense,Right,58,75,62,62,62,24,17,37,22,29,37,28,43,41,26,25,56,50,25,54,47,72,58,56,44,59,60,57,59,60,56,54,57,56,51,57,3,2,13,5,11,14,12,,,,,,,Men's Football,0,ea-drop-api,77545,https://www.ea.com/games/ea-sports-fc/ratings?playerId=77545,ea-drop-api,ea-drop-api,FC26_20250921-carryover,fc27,2026-08-28T09:08:58.508Z,fc-nordsjaelland,FC Nordsjælland,den,fc27,77545:BASE,BASE_LAUNCH
77657,Pedrinho,Pedro Henrique,de Araújo Martins,Pedrinho,2003-04-18,23,Brazil,Brazil,54,177,74,FC Dallas,695,MLS,,CAM,"CAM, LM, RM, CM","LM, RM, CM",Midfielder,Right,62,71,72,70,74,56,55,64,46,59,61,59,57,58,49,52,61,54,62,69,81,81,55,68,70,33,30,58,32,30,21,56,67,59,63,32,4,3,11,7,14,12,6,,,,,,,Men's Football,0,ea-drop-api,77657,https://www.ea.com/games/ea-sports-fc/ratings?playerId=77657,ea-drop-api,ea-drop-api,FC26_20250921-carryover,fc27,2026-08-28T09:08:58.508Z,fc-dallas,FC Dallas,mls,fc27,77657:BASE,BASE_LAUNCH
77798,Elvis van der Laan,Elvis,van der Laan,,2008-02-29,18,Sweden,Sweden,46,181,72,,,Eredivisie,,CB,CB,,Defense,Right,57,74,56,58,54,23,16,39,21,23,36,22,38,30,24,20,52,45,20,49,46,65,55,51,43,56,58,56,54,57,55,61,59,62,58,66,3,2,11,12,7,15,6,,,,,,,Men's Football,0,ea-drop-api,77798,https://www.ea.com/games/ea-sports-fc/ratings?playerId=77798,ea-drop-api,ea-drop-api,FC26_20250921-carryover,fc27,2026-08-28T09:08:58.508Z,fc-groningen,FC Groningen,ned,fc26-backfill,77798:BASE,BASE_LAUNCH
77970,Jansen Miller,Jansen,Miller,,2002-02-10,24,USA,United States,95,188,82,Sporting KC,696,MLS,,CB,CB,,Defense,Right,59,65,57,59,56,31,29,41,24,21,39,29,45,38,34,26,58,51,27,39,43,48,53,42,49,59,56,56,59,62,60,64,67,56,71,54,2,2,8,14,9,9,7,,,,,,,Men's Football,0,ea-drop-api,77970,https://www.ea.com/games/ea-sports-fc/ratings?playerId=77970,ea-drop-api,ea-drop-api,FC26_20250921-carryover,fc27,2026-08-28T09:08:58.508Z,sporting-kansas-city,Sporting Kansas City,mls,fc27,77970:BASE,BASE_LAUNCH
78105,Lucas Verza,Lucas,Verza,,2001-04-14,25,Paraguay,Paraguay,58,184,79,,,Libertadores,,GK,GK,,Defense,Right,60,65,60,38,28,62,7,44,6,7,11,3,58,42,14,13,26,12,10,62,24,52,51,14,41,34,19,12,6,16,14,58,50,42,51,25,2,1,60,62,58,58,62,,,,,,,Men's Football,0,ea-drop-api,78105,https://www.ea.com/games/ea-sports-fc/ratings?playerId=78105,ea-drop-api,ea-drop-api,FC26_20250921-carryover,fc27,2026-08-28T09:08:58.508Z,,,,,78105:BASE,BASE_LAUNCH
78268,Ivo Visona,Ivo,Visona,,2007-01-16,19,Argentina,Argentina,52,178,71,Platense,112689,LPF,,ST,ST,,Attack,Right,61,74,76,79,73,61,63,65,54,49,61,58,45,53,40,34,48,33,51,58,70,67,59,59,52,23,17,57,19,21,17,55,73,53,64,32,2,2,6,12,14,7,7,,,,,,,Men's Football,0,ea-drop-api,78268,https://www.ea.com/games/ea-sports-fc/ratings?playerId=78268,ea-drop-api,ea-drop-api,FC26_20250921-carryover,fc27,2026-08-28T09:08:58.508Z,platense,Platense,arg,fc27,78268:BASE,BASE_LAUNCH
78412,Patrick Matejko,Patrick,Matejko,,2007-06-28,19,England,England,14,183,78,Barnet,135,EFL League Two,,CM,CM,,Midfielder,Right,53,65,66,65,66,44,41,48,49,35,42,47,50,52,43,40,54,53,42,54,63,59,52,55,44,45,48,39,40,50,44,59,52,61,64,48,3,2,9,13,12,7,11,,,,,,,Men's Football,0,ea-drop-api,78412,https://www.ea.com/games/ea-sports-fc/ratings?playerId=78412,ea-drop-api,ea-drop-api,FC26_20250921-carryover,fc27,2026-08-28T09:08:58.508Z,,,,,78412:BASE,BASE_LAUNCH
78563,Diego Deisadze,Diego,Deisadze,,2004-10-15,21,Georgia,Georgia,20,193,80,,,PKO BP Ekstraklasa,,ST,ST,,Attack,Left,57,66,61,60,62,56,57,62,50,53,55,55,40,48,27,29,50,32,32,54,54,49,49,57,46,24,19,59,21,20,17,61,65,57,66,52,2,2,15,6,14,6,13,,,,,,,Men's Football,0,ea-drop-api,78563,https://www.ea.com/games/ea-sports-fc/ratings?playerId=78563,ea-drop-api,ea-drop-api,FC26_20250921-carryover,fc27,2026-08-28T09:08:58.508Z,,,,,78563:BASE,BASE_LAUNCH
78662,Jimmy Evans,Jimmy,Evans,,1999-03-13,27,Nigeria,Nigeria,133,182,73,AS Nancy Lorraine,1823,Ligue 2 BKT,,RM,"RM, LM, RW","LM, RW",Midfielder,Right,62,63,76,77,75,59,60,62,55,55,47,61,57,57,56,38,61,58,40,62,59,61,42,63,58,29,28,52,19,31,29,57,69,62,64,29,3,3,8,6,12,10,14,,,,,,,Men's Football,0,ea-drop-api,78662,https://www.ea.com/games/ea-sports-fc/ratings?playerId=78662,ea-drop-api,ea-drop-api,FC26_20250921-carryover,fc27,2026-08-28T09:08:58.508Z,,,,,78662:BASE,BASE_LAUNCH
78758,Jérémie Matumona,Jérémie,Matumona,,2006-06-03,20,France,France,18,180,80,En Avant Guingamp,62,Ligue 2 BKT,,RB,"RB, LB, RM","LB, RM",Defense,Right,61,70,63,67,60,27,24,31,25,30,32,37,41,41,62,17,38,32,37,58,59,62,64,58,41,59,63,31,62,63,62,64,59,64,77,31,2,2,15,12,8,6,14,,,,,,,Men's Football,0,ea-drop-api,78758,https://www.ea.com/games/ea-sports-fc/ratings?playerId=78758,ea-drop-api,ea-drop-api,FC26_20250921-carryover,fc27,2026-08-28T09:08:58.508Z,en-avant-guingamp,En Avant Guingamp,fra-2,fc27,78758:BASE,BASE_LAUNCH
78886,Ziyad Al Ghamdi,Ziyad,Al Ghamdi,,2005-02-16,21,Saudi Arabia,Saudi Arabia,183,161,55,Al Ettifaq,112096,ROSHN Saudi League,,CM,CM,,Midfielder,Right,47,56,63,62,63,36,25,52,38,32,42,51,49,48,39,32,57,53,34,43,53,66,46,41,43,36,35,49,31,36,42,55,48,62,52,54,2,2,10,10,6,11,13,,,,,,,Men's Football,0,ea-drop-api,78886,https://www.ea.com/games/ea-sports-fc/ratings?playerId=78886,ea-drop-api,ea-drop-api,FC26_20250921-carryover,fc27,2026-08-28T09:08:58.508Z,al-ettifaq,Al Ettifaq,sau,fc27,78886:BASE,BASE_LAUNCH
79061,Gabriel Dumitru,Gabriel,Dumitru,,2005-10-14,20,Romania,Romania,39,180,75,,,SUPERLIGA,,CB,"CB, RB",RB,Defense,Right,59,70,69,68,69,30,29,34,28,25,36,37,53,47,46,29,61,62,38,52,60,61,56,53,53,58,59,58,58,59,56,64,66,65,61,69,2,2,6,10,9,7,9,,,,,,,Men's Football,0,ea-drop-api,79061,https://www.ea.com/games/ea-sports-fc/ratings?playerId=79061,ea-drop-api,ea-drop-api,FC26_20250921-carryover,fc27,2026-08-28T09:08:58.508Z,,,,,79061:BASE,BASE_LAUNCH
79135,Furkan Gedik,Furkan,Gedik,,2002-07-12,24,Turkey,Turkey,48,170,65,Kocaelispor,101032,Trendyol Süper Lig,,LW,"LW, RW, LM","RW, LM",Attack,Left,61,68,82,85,80,60,64,65,53,51,54,54,51,43,55,34,55,50,50,66,82,84,42,64,53,29,21,46,22,35,33,42,52,60,38,29,3,3,5,6,7,5,7,,,,,,,Men's Football,0,ea-drop-api,79135,https://www.ea.com/games/ea-sports-fc/ratings?playerId=79135,ea-drop-api,ea-drop-api,FC26_20250921-carryover,fc27,2026-08-28T09:08:58.508Z,,,,,79135:BASE,BASE_LAUNCH
79243,Yassir Rahmouni,Yassir,Rahmouni,,2006-06-13,20,Netherlands,Holland,34,186,71,,,Eredivisie,,CM,"CM, CDM",CDM,Midfielder,Right,57,72,63,61,64,44,42,53,40,35,48,45,56,62,42,41,64,59,42,64,77,65,49,62,58,47,50,44,48,44,48,51,45,56,51,48,3,2,13,14,11,8,8,,,,,,,Men's Football,0,ea-drop-api,79243,https://www.ea.com/games/ea-sports-fc/ratings?playerId=79243,ea-drop-api,ea-drop-api,FC26_20250921-carryover,fc27,2026-08-28T09:08:58.508Z,go-ahead-eagles,Go Ahead Eagles,ned,fc26-backfill,79243:BASE,BASE_LAUNCH
79311,Luc Marijnissen,Luc,Marijnissen,,2003-01-09,23,Netherlands,Holland,34,188,80,,,1A Pro League,,CB,CB,,Defense,Right,63,69,62,61,63,24,17,40,20,28,35,27,45,33,25,29,63,57,23,44,47,51,60,63,47,61,64,64,53,66,62,66,72,57,71,65,3,2,14,8,5,11,11,,,,,,,Men's Football,0,ea-drop-api,79311,https://www.ea.com/games/ea-sports-fc/ratings?playerId=79311,ea-drop-api,ea-drop-api,FC26_20250921-carryover,fc27,2026-08-28T09:08:58.508Z,dender,FCV Dender EH,bel,fc26-backfill,79311:BASE,BASE_LAUNCH
79388,Louis Flower,Louis,Flower,,2004-10-06,21,England,England,14,183,76,Crawley Town,110890,EFL League Two,,ST,"ST, RW, LW","RW, LW",Attack,Right,54,62,70,71,70,52,53,50,50,38,63,52,40,49,29,28,48,26,36,53,55,60,50,50,44,17,16,57,11,11,15,53,66,55,58,36,2,2,5,5,14,14,9,,,,,,,Men's Football,0,ea-drop-api,79388,https://www.ea.com/games/ea-sports-fc/ratings?playerId=79388,ea-drop-api,ea-drop-api,FC26_20250921-carryover,fc27,2026-08-28T09:08:58.508Z,crawley-town,Crawley Town,eng-3,fc27,79388:BASE,BASE_LAUNCH
79497,Lucas Bretelle,Lucas,Bretelle,,2002-04-17,24,France,France,18,172,70,RAAL La Louvière,132231,1A Pro League,,CDM,"CDM, CM",CM,Midfielder,Right,58,62,62,60,63,45,42,55,42,35,55,35,55,39,54,48,66,59,45,57,60,81,57,55,42,56,59,50,49,60,60,53,52,50,52,61,3,2,5,14,9,5,15,,,,,,,Men's Football,0,ea-drop-api,79497,https://www.ea.com/games/ea-sports-fc/ratings?playerId=79497,ea-drop-api,ea-drop-api,FC26_20250921-carryover,fc27,2026-08-28T09:08:58.508Z,,,,,79497:BASE,BASE_LAUNCH
79613,Henry Caparó,Henry,Caparó,,2005-01-29,21,Peru,Peru,59,181,71,,,Libertadores,,CDM,"CDM, CM",CM,Midfielder,Right,57,74,61,63,60,41,36,46,41,48,45,46,51,54,39,37,58,56,43,56,58,69,57,58,49,57,52,54,57,60,57,50,51,49,48,58,3,2,7,12,7,10,10,,,,,,,Men's Football,0,ea-drop-api,79613,https://www.ea.com/games/ea-sports-fc/ratings?playerId=79613,ea-drop-api,ea-drop-api,FC26_20250921-carryover,fc27,2026-08-28T09:08:58.508Z,,,,,79613:BASE,BASE_LAUNCH
79692,Alpár Gergely,Alpár,Gergely,,2007-10-18,18,Romania,Romania,39,181,72,FK Csíkszereda,114546,SUPERLIGA,,ST,ST,,Attack,Right,53,68,63,64,62,51,53,51,49,42,54,54,39,46,29,37,46,30,35,52,64,63,49,52,42,20,17,52,15,19,15,53,57,57,55,42,3,2,7,7,9,8,9,,,,,,,Men's Football,0,ea-drop-api,79692,https://www.ea.com/games/ea-sports-fc/ratings?playerId=79692,ea-drop-api,ea-drop-api,FC26_20250921-carryover,fc27,2026-08-28T09:08:58.508Z,,,,,79692:BASE,BASE_LAUNCH
79789,Sonny Duflos,Sonny,Duflos,,1995-06-08,31,France,France,18,176,70,US Boulogne,132680,Ligue 2 BKT,,RB,"RB, RM",RM,Defense,Right,59,59,61,62,60,40,38,45,39,29,41,48,51,48,55,36,55,46,46,55,53,71,59,56,60,57,58,52,56,59,57,54,54,52,54,54,3,2,12,13,8,8,13,,,,,,,Men's Football,0,ea-drop-api,79789,https://www.ea.com/games/ea-sports-fc/ratings?playerId=79789,ea-drop-api,ea-drop-api,FC26_20250921-carryover,fc27,2026-08-28T09:08:58.508Z,,,,,79789:BASE,BASE_LAUNCH
79922,Ármin Pécsi,Ármin,Pécsi,,2005-02-24,21,Hungary,Hungary,23,190,85,Liverpool,9,Premier League,,GK,GK,,Defense,Right,64,79,64,49,54,62,5,47,6,9,10,6,63,29,11,12,18,21,12,67,39,37,59,16,32,51,11,11,7,10,14,63,61,21,62,17,2,1,64,62,63,63,67,,,,,,,Men's Football,0,ea-drop-api,79922,https://www.ea.com/games/ea-sports-fc/ratings?playerId=79922,ea-drop-api,ea-drop-api,FC26_20250921-carryover,fc27,2026-08-28T09:08:58.508Z,liverpool,Liverpool,eng,fc27,79922:BASE,BASE_LAUNCH
80030,Stan Henderikx,Stan,Henderikx,,2003-07-08,23,Netherlands,Holland,34,187,79,,,Eredivisie,,CB,CB,,Defense,Left,64,71,62,64,61,30,22,52,25,29,42,30,43,33,33,28,60,42,31,47,59,65,55,63,58,64,61,64,61,68,66,65,70,60,68,62,3,2,6,12,11,8,11,,,,,,,Men's Football,0,ea-drop-api,80030,https://www.ea.com/games/ea-sports-fc/ratings?playerId=80030,ea-drop-api,ea-drop-api,FC26_20250921-carryover,fc27,2026-08-28T09:08:58.508Z,,,,,80030:BASE,BASE_LAUNCH
80165,Andrik Markgraf,Andrik,Markgraf,,2006-03-07,20,Germany,Germany,21,172,66,Union Berlin,1831,Bundesliga,,LB,"LB, LM",LM,Defense,Left,63,78,71,75,68,39,38,40,37,35,40,57,51,48,60,45,50,48,55,60,65,82,60,55,45,61,58,55,56,67,65,52,59,61,45,58,3,2,14,8,5,7,6,,,,,,,Men's Football,0,ea-drop-api,80165,https://www.ea.com/games/ea-sports-fc/ratings?playerId=80165,ea-drop-api,ea-drop-api,FC26_20250921-carryover,fc27,2026-08-28T09:08:58.508Z,union-berlin,1. FC Union Berlin,ger,fc27,80165:BASE,BASE_LAUNCH
80383,Kaito Matsuzawa,Kaito,Matsuzawa,,2001-02-05,25,Japan,Japan,163,176,68,STVV,680,1A Pro League,,CAM,"CAM, CM",CM,Midfielder,Right,55,60,71,70,71,48,44,58,43,56,59,40,60,55,50,52,65,70,59,54,60,65,55,55,65,42,31,50,45,40,50,56,54,71,50,54,3,2,5,6,13,11,14,,,,,,,Men's Football,0,ea-drop-api,80383,https://www.ea.com/games/ea-sports-fc/ratings?playerId=80383,ea-drop-api,ea-drop-api,FC26_20250921-carryover,fc27,2026-08-28T09:08:58.508Z,sint-truiden,Sint-Truidense VV,bel,fc27,80383:BASE,BASE_LAUNCH
80821,Ervin Bashi,Ervin,Bashi,,2005-07-24,21,Albania,Albania,1,192,85,Catanzaro,110908,Serie BKT,,CB,CB,,Defense,Right,65,74,60,59,61,36,33,45,33,34,45,33,48,40,34,35,62,56,29,46,48,42,62,56,62,65,62,67,65,66,61,68,73,59,74,65,3,2,11,6,9,12,12,,,,,,,Men's Football,0,ea-drop-api,80821,https://www.ea.com/games/ea-sports-fc/ratings?playerId=80821,ea-drop-api,ea-drop-api,FC26_20250921-carryover,fc27,2026-08-28T09:08:58.508Z,catanzaro,Catanzaro,ita-2,fc27,80821:BASE,BASE_LAUNCH
166963,Gökhan Değirmenci,Gökhan,Değirmenci,,1989-03-21,37,Turkey,Turkey,48,185,79,Kocaelispor,101032,Trendyol Süper Lig,,GK,GK,,Defense,Right,68,68,68,41,55,68,15,47,14,13,15,14,63,12,11,10,35,34,16,66,38,60,60,29,15,47,22,16,21,19,22,70,61,38,62,19,2,1,68,68,63,70,66,,,,,Far Throw,,Men's Football,0,ea-drop-api,166963,https://www.ea.com/games/ea-sports-fc/ratings?playerId=166963,ea-drop-api,ea-drop-api,FC26_20250921-carryover,fc27,2026-08-28T09:08:58.508Z,,,,,166963:BASE,BASE_LAUNCH
176346,Choi Chul Soon,Chul Soon,Choi,Choi Chul Soon,1987-02-08,39,South Korea,Korea Republic,167,175,68,Jeonbuk Hyundai,1477,K League 1,,RB,"RB, LB, LM","LB, LM",Defense,Right,54,54,38,44,33,45,42,47,45,53,52,56,54,57,53,54,52,53,53,55,52,79,46,55,60,57,57,58,58,54,58,61,58,45,66,70,3,3,13,14,11,15,16,,,,,,,Men's Football,0,ea-drop-api,176346,https://www.ea.com/games/ea-sports-fc/ratings?playerId=176346,ea-drop-api,ea-drop-api,FC26_20250921-carryover,fc27,2026-08-28T09:08:58.508Z,jeonbuk-hyundai-motors,Jeonbuk Hyundai Motors,kor,fc27,176346:BASE,BASE_LAUNCH
181458,Ivan Perišić,Ivan,Perišić,,1989-02-02,37,Croatia,Croatia,10,186,80,,,Eredivisie,,RW,"RW, LW, RM","LW, RM",Attack,Right,81,81,75,74,76,80,78,85,79,85,77,84,81,79,84,75,82,77,82,79,73,70,80,83,84,69,69,77,68,69,65,75,84,76,75,69,5,4,6,7,10,9,6,,,,,"Dead Ball, Gamechanger, Whipped Pass, Inventive",,Men's Football,0,ea-drop-api,181458,https://www.ea.com/games/ea-sports-fc/ratings?playerId=181458,ea-drop-api,ea-drop-api,FC26_20250921-carryover,fc27,2026-08-28T09:08:58.508Z,psv-eindhoven,PSV Eindhoven,ned,fc26-backfill,181458:BASE,BASE_LAUNCH
184167,Anthony Moris,Anthony,Moris,,1990-04-29,36,Luxembourg,Luxembourg,31,186,75,Al Khaleej,112883,ROSHN Saudi League,,GK,GK,,Defense,Left,75,75,74,46,48,71,11,61,15,12,27,16,81,65,20,14,46,62,16,75,46,49,69,34,36,47,17,19,21,14,19,76,68,31,69,24,3,1,74,71,81,76,75,,,,,"Long Ball Pass, Far Throw, Footwork",,Men's Football,0,ea-drop-api,184167,https://www.ea.com/games/ea-sports-fc/ratings?playerId=184167,ea-drop-api,ea-drop-api,FC26_20250921-carryover,fc27,2026-08-28T09:08:58.508Z,al-khaleej,Al Khaleej,sau,fc27,184167:BASE,BASE_LAUNCH
186651,Güray Vural,Güray,Vural,,1988-06-11,38,Turkey,Turkey,48,177,65,,,Trendyol Süper Lig,,LB,"LB, LM",LM,Defense,Left,70,,72,69,75,68,60,78,76,64,68,65,71,73,75,73,70,61,80,70,70,80,70,70,68,64,70,57,61,64,67,63,66,63,62,65,3,3,8,9,16,6,13,,,,,Whipped Pass,,Men's Football,0,ea-drop-api,186651,https://www.ea.com/games/ea-sports-fc/ratings?playerId=186651,ea-drop-api,ea-drop-api,,fc27,2026-08-28T09:08:58.508Z,,,,,186651:BASE,BASE_LAUNCH
188825,Ahmed Kashi,Ahmed,Kashi,,1988-11-18,37,Algeria,Algeria,97,178,76,FC Annecy,131447,Ligue 2 BKT,,CDM,"CDM, CM, CB","CM, CB",Midfielder,Right,69,69,50,58,43,52,45,58,64,33,54,52,65,68,49,62,72,66,58,65,62,72,63,68,69,62,63,43,65,66,60,76,58,93,71,74,3,3,12,7,13,15,9,,,,,Aerial Fortress,,Men's Football,0,ea-drop-api,188825,https://www.ea.com/games/ea-sports-fc/ratings?playerId=188825,ea-drop-api,ea-drop-api,FC26_20250921-carryover,fc27,2026-08-28T09:08:58.508Z,fc-annecy,FC Annecy,fra-2,fc27,188825:BASE,BASE_LAUNCH
189776,Marley Watkins,Marley,Watkins,,1990-10-17,35,Wales,Wales,50,178,65,Kilmarnock,82,Scottish Prem,,ST,ST,,Attack,Right,65,65,73,68,77,62,65,65,58,59,41,63,60,63,55,47,63,58,56,66,74,78,64,67,64,28,22,64,31,19,21,72,72,74,70,73,4,3,6,5,6,8,5,,,,,,,Men's Football,0,ea-drop-api,189776,https://www.ea.com/games/ea-sports-fc/ratings?playerId=189776,ea-drop-api,ea-drop-api,FC26_20250921-carryover,fc27,2026-08-28T09:08:58.508Z,kilmarnock,Kilmarnock FC,sco,fc27,189776:BASE,BASE_LAUNCH
190700,Ibrahim Koné,Ibrahim,Koné,,1989-12-05,36,Guinea,Guinea,118,190,89,US Boulogne,132680,Ligue 2 BKT,,GK,GK,,Defense,Right,63,63,62,35,41,61,12,46,9,10,12,12,61,38,10,8,23,18,18,62,36,42,59,14,41,37,20,12,18,14,10,67,66,31,80,31,2,1,62,61,61,67,62,,,,,,,Men's Football,0,ea-drop-api,190700,https://www.ea.com/games/ea-sports-fc/ratings?playerId=190700,ea-drop-api,ea-drop-api,FC26_20250921-carryover,fc27,2026-08-28T09:08:58.508Z,,,,,190700:BASE,BASE_LAUNCH
191915,Lim Jong Eun,Jong Eun,Lim,Lim Jong Eun,1990-06-18,36,South Korea,Korea Republic,167,192,88,Daejeon Hana,980,K League 1,,CB,CB,,Defense,Right,65,65,37,35,39,38,38,39,37,30,37,37,52,47,43,38,62,57,38,52,37,34,58,60,58,64,62,66,64,64,62,72,69,57,82,64,3,2,7,8,15,11,16,,,,,Anticipate,,Men's Football,0,ea-drop-api,191915,https://www.ea.com/games/ea-sports-fc/ratings?playerId=191915,ea-drop-api,ea-drop-api,FC26_20250921-carryover,fc27,2026-08-28T09:08:58.508Z,daejeon-citizen,Daejeon Citizen,kor,fc27,191915:BASE,BASE_LAUNCH
192679,Escudero,Sergio,Escudero Palomo,Escudero,1989-09-02,36,Spain,Spain,45,176,65,RC Deportivo,242,LALIGA HYPERMOTION,,LB,LB,,Defense,Left,68,68,53,51,54,61,55,70,66,51,66,64,69,63,72,68,70,72,70,66,68,72,65,69,67,69,71,67,68,69,69,64,66,53,67,70,2,3,9,15,7,13,14,,,,,"Jockey, Block, Long Throw",,Men's Football,0,ea-drop-api,192679,https://www.ea.com/games/ea-sports-fc/ratings?playerId=192679,ea-drop-api,ea-drop-api,FC26_20250921-carryover,fc27,2026-08-28T09:08:58.508Z,rc-deportivo,RC Deportivo,esp-2,fc27,192679:BASE,BASE_LAUNCH
193336,Vid Belec,Vid,Belec,,1990-06-06,36,Slovenia,Slovenia,44,193,84,APOEL FC,100135,Liga Cyprus,,GK,GK,,Defense,Right,73,73,72,52,42,71,10,52,16,10,23,11,69,45,11,13,31,32,12,75,55,31,70,23,70,48,21,13,19,10,11,73,63,20,59,25,3,1,72,71,69,73,75,,,,,Cross Claimer,,Men's Football,0,ea-drop-api,193336,https://www.ea.com/games/ea-sports-fc/ratings?playerId=193336,ea-drop-api,ea-drop-api,FC26_20250921-carryover,fc27,2026-08-28T09:08:58.508Z,apoel,APOEL Nicosia,cyp,fc27,193336:BASE,BASE_LAUNCH
194146,Kevin Long,Kevin,Long,,1990-08-18,36,Ireland,Republic of Ireland,25,188,83,Toronto FC,111651,MLS,,CB,CB,,Defense,Right,69,69,43,44,42,35,29,56,27,26,32,48,50,50,38,32,59,56,38,54,49,49,66,56,66,70,68,72,71,70,66,70,76,44,81,75,2,2,8,14,7,8,7,,,,,Aerial Fortress,,Men's Football,0,ea-drop-api,194146,https://www.ea.com/games/ea-sports-fc/ratings?playerId=194146,ea-drop-api,ea-drop-api,FC26_20250921-carryover,fc27,2026-08-28T09:08:58.508Z,toronto-fc,Toronto FC,mls,fc27,194146:BASE,BASE_LAUNCH
195668,Joel Robles,Joel,Robles Blázquez,Joel Robles,1990-06-17,36,Spain,Spain,45,195,90,Estoril Praia,10020,Liga Portugal,,GK,GK,,Defense,Right,73,73,74,47,55,71,11,52,11,13,15,13,69,41,12,20,15,26,11,74,50,39,68,25,54,50,22,12,11,11,14,70,68,25,72,23,2,1,74,71,69,70,74,,,,,Footwork,,Men's Football,0,ea-drop-api,195668,https://www.ea.com/games/ea-sports-fc/ratings?playerId=195668,ea-drop-api,ea-drop-api,FC26_20250921-carryover,fc27,2026-08-28T09:08:58.508Z,estoril,Estoril Praia,por,fc27,195668:BASE,BASE_LAUNCH
198011,Tom Eaves,Tom,Eaves,,1991-12-04,34,England,England,14,191,93,Northampton,1930,EFL League One,,ST,ST,,Attack,Right,64,64,48,47,48,65,64,73,60,62,64,65,46,52,32,38,54,40,39,59,57,32,62,63,60,37,24,72,30,42,31,76,80,60,88,66,4,2,14,14,9,6,6,,,,,Enforcer,,Men's Football,0,ea-drop-api,198011,https://www.ea.com/games/ea-sports-fc/ratings?playerId=198011,ea-drop-api,ea-drop-api,FC26_20250921-carryover,fc27,2026-08-28T09:08:58.508Z,northampton,Northampton,eng-3,fc27,198011:BASE,BASE_LAUNCH
198633,Antony Iannarilli,Antony,Iannarilli,,1990-12-18,35,Italy,Italy,27,186,79,Avellino,2038,Serie BKT,,GK,GK,,Defense,Right,67,67,64,44,43,66,19,53,20,16,39,12,70,35,13,23,30,28,11,68,56,38,64,26,48,44,29,31,11,22,21,66,58,35,49,43,2,1,64,66,70,66,68,,,,,,,Men's Football,0,ea-drop-api,198633,https://www.ea.com/games/ea-sports-fc/ratings?playerId=198633,ea-drop-api,ea-drop-api,FC26_20250921-carryover,fc27,2026-08-28T09:08:58.508Z,,,,,198633:BASE,BASE_LAUNCH
199215,Alexander Gorgon,Alexander,Gorgon,,1988-10-28,37,Austria,Austria,4,185,76,SCR Altach,15009,Ö. Bundesliga,,CAM,"CAM, CM, CDM","CM, CDM",Midfielder,Right,64,64,55,57,54,63,59,68,65,66,69,63,65,63,63,65,68,64,66,65,63,64,65,67,67,52,59,65,47,52,44,69,71,69,71,64,3,3,14,7,15,9,14,,,,,,,Men's Football,0,ea-drop-api,199215,https://www.ea.com/games/ea-sports-fc/ratings?playerId=199215,ea-drop-api,ea-drop-api,FC26_20250921-carryover,fc27,2026-08-28T09:08:58.508Z,altach,SCR Altach,aut,fc27,199215:BASE,BASE_LAUNCH
199803,Daniel Batz,Daniel,Batz,,1991-01-12,35,Germany,Germany,21,191,90,1. FSV Mainz 05,169,Bundesliga,,GK,GK,,Defense,Right,68,68,67,36,33,67,11,48,12,12,23,12,64,39,16,10,36,34,10,69,44,38,65,23,48,35,14,20,30,17,12,69,60,29,61,23,2,1,67,67,64,69,69,,,,,,,Men's Football,0,ea-drop-api,199803,https://www.ea.com/games/ea-sports-fc/ratings?playerId=199803,ea-drop-api,ea-drop-api,FC26_20250921-carryover,fc27,2026-08-28T09:08:58.508Z,mainz-05,1. FSV Mainz 05,ger,fc27,199803:BASE,BASE_LAUNCH
200316,Timo Horn,Timo,Horn,,1993-05-12,33,Germany,Germany,21,192,90,VfL Bochum 1848,160,Bundesliga 2,,GK,GK,,Defense,Left,73,73,74,45,51,76,13,44,17,14,21,15,58,45,19,15,30,29,12,73,50,31,76,22,25,47,22,14,14,13,12,68,65,31,67,41,1,1,74,76,58,68,73,,,,,,,Men's Football,0,ea-drop-api,200316,https://www.ea.com/games/ea-sports-fc/ratings?playerId=200316,ea-drop-api,ea-drop-api,FC26_20250921-carryover,fc27,2026-08-28T09:08:58.508Z,bochum,VfL Bochum,ger,fc27,200316:BASE,BASE_LAUNCH
200752,Juan Jesus,Juan Guilherme,Nunes Jesus,Juan Jesus,1991-06-10,35,Brazil,Brazil,54,185,83,SSC Napoli,48,Serie A Enilive,,CB,CB,,Defense,Left,74,74,58,63,53,33,20,62,35,17,37,35,53,34,60,36,61,59,44,61,64,60,69,61,73,77,77,74,79,77,75,73,78,66,72,81,3,2,12,11,7,8,14,,,,,Long Ball Pass,,Men's Football,0,ea-drop-api,200752,https://www.ea.com/games/ea-sports-fc/ratings?playerId=200752,ea-drop-api,ea-drop-api,FC26_20250921-carryover,fc27,2026-08-28T09:08:58.508Z,napoli,SSC Napoli,ita,fc27,200752:BASE,BASE_LAUNCH
201346,Liam Boyce,Liam,Boyce,,1991-04-08,35,Northern Ireland,Northern Ireland,35,184,75,Derry City,445,SSE Airtricity PD,,ST,"ST, CAM, CM","CAM, CM",Attack,Right,62,62,47,50,44,64,67,64,61,55,62,65,54,61,43,55,56,54,58,58,58,67,60,64,74,41,49,66,33,42,19,68,71,46,76,74,4,3,11,12,9,14,13,,,,,"Finesse Shot, Technical",,Men's Football,0,ea-drop-api,201346,https://www.ea.com/games/ea-sports-fc/ratings?playerId=201346,ea-drop-api,ea-drop-api,FC26_20250921-carryover,fc27,2026-08-28T09:08:58.508Z,derry-city,Derry City,irl,fc27,201346:BASE,BASE_LAUNCH
202050,Thomas Bruns,Thomas,Bruns,,1992-01-07,34,Netherlands,Holland,34,177,69,,,Eredivisie,,CAM,"CAM, CM",CM,Midfielder,Right,67,67,60,65,56,63,60,67,68,58,51,69,68,68,58,69,72,69,71,65,64,70,66,66,68,57,61,58,49,61,59,66,65,75,61,67,3,3,13,11,13,14,9,,,,,,,Men's Football,0,ea-drop-api,202050,https://www.ea.com/games/ea-sports-fc/ratings?playerId=202050,ea-drop-api,ea-drop-api,FC26_20250921-carryover,fc27,2026-08-28T09:08:58.508Z,heracles-almelo,Heracles Almelo,ned,fc26-backfill,202050:BASE,BASE_LAUNCH
202617,Václav Hladký,Václav,Hladký,,1990-11-14,35,Czech Republic,Czech Republic,12,192,80,Burnley,1796,Premier League,,GK,GK,,Defense,Right,69,69,69,56,52,69,16,52,11,12,27,11,69,51,16,24,52,56,24,70,52,58,64,36,65,54,28,23,20,23,23,68,70,27,66,22,3,1,69,69,69,68,70,,,,,,,Men's Football,0,ea-drop-api,202617,https://www.ea.com/games/ea-sports-fc/ratings?playerId=202617,ea-drop-api,ea-drop-api,FC26_20250921-carryover,fc27,2026-08-28T09:08:58.508Z,burnley,Burnley,eng-2,fc27,202617:BASE,BASE_LAUNCH
203026,Petar Filipović,Petar,Filipović,,1990-09-14,35,Germany,Germany,21,188,81,Grazer AK,113616,Ö. Bundesliga,,CB,CB,,Defense,Left,67,66,55,54,55,49,51,51,45,44,45,50,60,48,51,61,69,68,48,57,59,47,52,60,66,68,72,70,70,65,63,73,73,73,76,66,3,2,13,15,12,6,11,,,,,,,Men's Football,0,ea-drop-api,203026,https://www.ea.com/games/ea-sports-fc/ratings?playerId=203026,ea-drop-api,ea-drop-api,FC26_20250921-carryover,fc27,2026-08-28T09:08:58.508Z,grazer-ak,Grazer AK,aut,fc27,203026:BASE,BASE_LAUNCH
203500,Danny Rose,Danny,Rose,,1993-12-10,32,England,England,14,173,72,Grimsby Town,92,EFL League Two,,ST,ST,,Attack,Right,63,63,76,80,73,61,63,63,56,61,61,63,54,57,48,44,58,50,55,65,87,80,63,62,63,45,46,63,45,40,41,68,84,75,60,74,3,2,15,13,8,16,8,,,,,"Precision Header, Slide Tackle, Aerial Fortress",,Men's Football,0,ea-drop-api,203500,https://www.ea.com/games/ea-sports-fc/ratings?playerId=203500,ea-drop-api,ea-drop-api,FC26_20250921-carryover,fc27,2026-08-28T09:08:58.508Z,grimsby-town,Grimsby Town,eng-4,fc27,203500:BASE,BASE_LAUNCH
204082,John Brooks,John,Brooks,,1993-01-28,33,USA,United States,95,194,94,Hertha BSC,166,Bundesliga 2,,CB,CB,,Defense,Left,72,72,49,46,52,40,39,52,29,32,45,40,55,58,36,28,67,66,30,58,52,51,69,58,74,73,72,76,71,74,71,68,72,34,82,74,3,2,8,7,10,9,10,,,,,"Precision Header, Aerial Fortress",,Men's Football,0,ea-drop-api,204082,https://www.ea.com/games/ea-sports-fc/ratings?playerId=204082,ea-drop-api,ea-drop-api,FC26_20250921-carryover,fc27,2026-08-28T09:08:58.508Z,hertha-bsc,Hertha BSC,ger-2,fc27,204082:BASE,BASE_LAUNCH
204549,Davy Roef,Davy,Roef,,1994-02-06,32,Belgium,Belgium,7,187,84,KAA Gent,674,1A Pro League,,GK,GK,,Defense,Right,76,76,75,53,48,73,15,55,13,15,31,11,73,56,15,20,40,55,12,75,45,49,72,26,52,51,12,12,12,11,18,77,68,33,70,28,3,1,75,73,73,77,75,,,,,"Footwork, Cross Claimer",,Men's Football,0,ea-drop-api,204549,https://www.ea.com/games/ea-sports-fc/ratings?playerId=204549,ea-drop-api,ea-drop-api,FC26_20250921-carryover,fc27,2026-08-28T09:08:58.508Z,gent,KAA Gent,bel,fc27,204549:BASE,BASE_LAUNCH
205070,Portu,Cristian,Portugues Manzanera,Portu,1992-05-21,34,Spain,Spain,45,167,66,Girona FC,110062,LALIGA EA SPORTS,,RM,"RM, LM, RW","LM, RW",Midfielder,Right,76,76,80,82,79,74,73,77,75,75,65,74,72,74,74,64,74,67,74,74,75,79,74,74,73,56,55,69,55,54,51,73,80,75,70,78,4,3,14,10,15,15,13,,,,,,,Men's Football,0,ea-drop-api,205070,https://www.ea.com/games/ea-sports-fc/ratings?playerId=205070,ea-drop-api,ea-drop-api,FC26_20250921-carryover,fc27,2026-08-28T09:08:58.508Z,girona,Girona FC,esp,fc27,205070:BASE,BASE_LAUNCH
205496,Nicolas,David Nicolás,Andrade,Nicolas,1988-04-12,38,Brazil,Brazil,54,190,85,Pisa,110738,Serie A Enilive,,GK,GK,,Defense,Right,67,67,69,45,41,66,18,48,12,7,21,12,64,47,13,13,31,31,8,69,37,45,58,22,63,43,15,12,8,19,13,65,69,32,77,27,3,1,69,66,64,65,69,,,,,,,Men's Football,0,ea-drop-api,205496,https://www.ea.com/games/ea-sports-fc/ratings?playerId=205496,ea-drop-api,ea-drop-api,FC26_20250921-carryover,fc27,2026-08-28T09:08:58.508Z,pisa,Pisa,ita-2,fc27,205496:BASE,BASE_LAUNCH
205923,Ben Davies,Ben,Davies,,1993-04-24,33,Wales,Wales,50,181,76,Spurs,18,Premier League,,CB,CB,,Defense,Left,75,75,53,54,53,58,58,65,52,48,54,60,71,64,71,48,76,75,72,71,61,66,78,74,76,77,77,73,77,78,77,68,72,54,70,79,3,3,11,7,6,7,14,,,,,Block,,Men's Football,0,ea-drop-api,205923,https://www.ea.com/games/ea-sports-fc/ratings?playerId=205923,ea-drop-api,ea-drop-api,FC26_20250921-carryover,fc27,2026-08-28T09:08:58.508Z,tottenham-hotspur,Tottenham Hotspur,eng,fc27,205923:BASE,BASE_LAUNCH
206254,Miroslav Stevanović,Miroslav,Stevanović,,1990-07-29,36,Bosnia and Herzegovina,Bosnia and Herzegovina,8,180,72,Servette FC,324,Brack Super League,,RM,"RM, CAM, RW","CAM, RW",Midfielder,Right,75,75,78,77,78,70,68,76,69,62,72,77,75,76,75,74,76,72,73,73,80,75,70,72,74,39,41,70,22,47,31,71,77,89,65,62,4,3,15,10,11,13,10,,,,,"Power Shot, Precision Header, Jockey, Aerial Fortress, Rapid",,Men's Football,0,ea-drop-api,206254,https://www.ea.com/games/ea-sports-fc/ratings?playerId=206254,ea-drop-api,ea-drop-api,FC26_20250921-carryover,fc27,2026-08-28T09:08:58.508Z,servette,Servette FC,che,fc27,206254:BASE,BASE_LAUNCH
206653,Brad Potts,Brad,Potts,,1994-07-03,32,England,England,14,188,81,Preston,1801,EFL Championship,,RB,"RB, CM, RM","CM, RM",Defense,Right,69,69,70,66,74,68,63,77,71,73,53,66,67,68,65,57,69,69,56,67,62,65,68,68,66,63,64,58,62,66,63,78,73,88,76,72,2,3,16,13,13,15,16,,,,,"Low Driven Shot, Relentless",,Men's Football,0,ea-drop-api,206653,https://www.ea.com/games/ea-sports-fc/ratings?playerId=206653,ea-drop-api,ea-drop-api,FC26_20250921-carryover,fc27,2026-08-28T09:08:58.508Z,preston,Preston,eng-2,fc27,206653:BASE,BASE_LAUNCH
207790,Kaan Ayhan,Kaan,Ayhan,,1994-11-10,31,Turkey,Turkey,48,184,84,Galatasaray,325,Trendyol Süper Lig,,RB,"RB, CB, CDM","CB, CDM",Defense,Right,76,76,57,55,59,62,54,79,71,40,45,69,77,80,75,75,75,78,79,69,55,67,75,78,80,78,77,73,81,78,74,77,78,71,79,77,3,3,16,10,8,14,10,,,,,"Pinged Pass, First Touch",,Men's Football,0,ea-drop-api,207790,https://www.ea.com/games/ea-sports-fc/ratings?playerId=207790,ea-drop-api,ea-drop-api,FC26_20250921-carryover,fc27,2026-08-28T09:08:58.508Z,galatasaray,Galatasaray SK,tur,fc27,207790:BASE,BASE_LAUNCH
208146,Davide Adorni,Davide,Adorni,,1992-08-09,34,Italy,Italy,27,189,78,Modena,1744,Serie BKT,,CB,CB,,Defense,Right,70,70,74,71,76,44,42,59,37,40,47,33,52,45,45,36,65,52,38,54,69,65,70,55,65,72,70,70,72,74,71,72,76,79,69,71,3,2,13,15,11,12,7,,,,,,,Men's Football,0,ea-drop-api,208146,https://www.ea.com/games/ea-sports-fc/ratings?playerId=208146,ea-drop-api,ea-drop-api,FC26_20250921-carryover,fc27,2026-08-28T09:08:58.508Z,modena,Modena,ita-2,fc27,208146:BASE,BASE_LAUNCH
208574,Filip Kostić,Filip,Kostić,,1992-11-01,33,Serbia,Serbia,51,184,84,Juventus,45,Serie A Enilive,,LM,"LM, LB, LW","LB, LW",Midfielder,Left,81,81,82,79,84,76,71,85,78,75,66,78,81,78,87,80,80,79,85,80,76,78,77,81,82,70,69,59,70,74,72,77,78,78,77,76,2,3,13,14,12,12,13,,,,,"Whipped Pass, Rapid",,Men's Football,0,ea-drop-api,208574,https://www.ea.com/games/ea-sports-fc/ratings?playerId=208574,ea-drop-api,ea-drop-api,FC26_20250921-carryover,fc27,2026-08-28T09:08:58.508Z,juventus,Juventus,ita,fc27,208574:BASE,BASE_LAUNCH
209061,Simon Hedlund,Simon,Hedlund,,1993-03-11,33,Sweden,Sweden,46,173,66,IF Elfsborg,700,Allsvenskan,,RB,"RB, RM, RW","RM, RW",Defense,Right,70,70,88,87,89,60,61,65,56,57,47,71,65,71,64,61,66,55,65,70,84,85,71,67,64,61,60,56,59,64,61,72,76,81,66,76,4,3,13,11,14,10,8,,,,,"Rapid, Quick Step",,Men's Football,0,ea-drop-api,209061,https://www.ea.com/games/ea-sports-fc/ratings?playerId=209061,ea-drop-api,ea-drop-api,FC26_20250921-carryover,fc27,2026-08-28T09:08:58.508Z,elfsborg,IF Elfsborg,swe,fc27,209061:BASE,BASE_LAUNCH
209547,Stefan Mitrović,Stefan,Mitrović,,1990-05-22,36,Serbia,Serbia,51,189,84,KAA Gent,674,1A Pro League,,CB,CB,,Defense,Right,70,70,32,33,32,34,22,59,38,28,35,31,54,41,38,33,70,71,29,45,32,33,66,50,68,70,69,70,71,70,68,79,71,68,86,78,4,2,9,8,8,15,16,,,,,Long Ball Pass,,Men's Football,0,ea-drop-api,209547,https://www.ea.com/games/ea-sports-fc/ratings?playerId=209547,ea-drop-api,ea-drop-api,FC26_20250921-carryover,fc27,2026-08-28T09:08:58.508Z,gent,KAA Gent,bel,fc27,209547:BASE,BASE_LAUNCH
210136,Tomasz Kędziora,Tomasz,Kędziora,,1994-06-11,32,Poland,Poland,37,183,76,PAOK FC,393,Hellas Liga,,CB,"CB, RB",RB,Defense,Right,75,75,76,74,77,45,38,56,51,39,38,61,65,60,67,37,71,69,58,66,71,67,73,66,69,74,74,73,75,74,74,77,84,75,77,80,3,2,16,8,11,10,9,,,,,"Jockey, Intercept",,Men's Football,0,ea-drop-api,210136,https://www.ea.com/games/ea-sports-fc/ratings?playerId=210136,ea-drop-api,ea-drop-api,FC26_20250921-carryover,fc27,2026-08-28T09:08:58.508Z,paok,PAOK FC,gre,fc27,210136:BASE,BASE_LAUNCH
210509,Thomas Castella,Thomas,Castella,,1993-06-30,33,Switzerland,Switzerland,47,185,76,Lausanne-Sport,1862,Brack Super League,,GK,GK,,Defense,Right,61,61,61,48,41,61,14,45,15,13,25,12,60,20,16,15,32,19,15,62,37,55,53,21,29,45,17,19,20,19,19,62,60,23,59,17,2,1,61,61,60,62,62,,,,,,,Men's Football,0,ea-drop-api,210509,https://www.ea.com/games/ea-sports-fc/ratings?playerId=210509,ea-drop-api,ea-drop-api,FC26_20250921-carryover,fc27,2026-08-28T09:08:58.508Z,lausanne-sport,FC Lausanne-Sport,che,fc27,210509:BASE,BASE_LAUNCH
210881,John McGinn,John,McGinn,,1994-10-18,31,Scotland,Scotland,42,178,68,Aston Villa,2,Premier League,,LM,"LM, RM, CAM, LB","RM, CAM, LB",Midfielder,Left,81,81,69,69,69,77,76,84,77,75,55,77,78,79,76,61,81,80,76,80,77,85,81,80,77,77,79,57,79,82,75,83,74,92,79,86,2,3,9,13,12,10,12,,,,,"Press Proven, Relentless, Enforcer",,Men's Football,0,ea-drop-api,210881,https://www.ea.com/games/ea-sports-fc/ratings?playerId=210881,ea-drop-api,ea-drop-api,FC26_20250921-carryover,fc27,2026-08-28T09:08:58.508Z,aston-villa,Aston Villa,eng,fc27,210881:BASE,BASE_LAUNCH
211221,Martin Boyle,Martin,Boyle,,1993-04-25,33,Australia,Australia,195,172,63,Hibernian,81,Scottish Prem,,ST,"ST, RM, RW","RM, RW",Attack,Right,71,71,89,91,87,72,73,75,69,67,74,74,66,66,67,66,68,61,69,74,82,75,72,73,68,42,39,47,44,40,38,59,64,74,50,59,3,3,14,10,13,15,7,,,,,Rapid,,Men's Football,0,ea-drop-api,211221,https://www.ea.com/games/ea-sports-fc/ratings?playerId=211221,ea-drop-api,ea-drop-api,FC26_20250921-carryover,fc27,2026-08-28T09:08:58.508Z,hibernian,Hibernian FC,sco,fc27,211221:BASE,BASE_LAUNCH
211489,Jonatan Gómez,Jonatan,Gómez,,1989-12-21,36,Argentina,Argentina,52,171,71,Sarmiento,112713,LPF,,CM,"CM, CAM, CDM","CAM, CDM",Midfielder,Right,71,71,66,67,66,67,68,62,69,64,71,70,72,72,70,69,74,70,70,75,81,82,71,72,69,63,65,46,59,73,59,62,57,61,57,75,3,3,12,14,10,10,7,,,,,Press Proven,,Men's Football,0,ea-drop-api,211489,https://www.ea.com/games/ea-sports-fc/ratings?playerId=211489,ea-drop-api,ea-drop-api,FC26_20250921-carryover,fc27,2026-08-28T09:08:58.508Z,club-atletico-sarmiento,Club Atlético Sarmiento,arg,fc27,211489:BASE,BASE_LAUNCH
211891,Andreas Voglsammer,Andreas,Voglsammer,,1992-01-09,34,Germany,Germany,21,178,81,FC Hansa Rostock,27,3. Liga,,ST,"ST, LM, LW","LM, LW",Attack,Right,67,67,72,70,73,67,62,81,63,64,68,64,62,66,64,63,63,52,66,66,65,80,65,66,64,43,31,65,44,45,37,76,78,69,79,79,3,3,12,9,7,14,8,,,,,Precision Header,,Men's Football,0,ea-drop-api,211891,https://www.ea.com/games/ea-sports-fc/ratings?playerId=211891,ea-drop-api,ea-drop-api,FC26_20250921-carryover,fc27,2026-08-28T09:08:58.508Z,fc-hansa-rostock,FC Hansa Rostock,ger-3,fc27,211891:BASE,BASE_LAUNCH
212192,Julian Green,Julian,Green,,1995-06-06,31,USA,United States,95,173,70,Fürth,165,Bundesliga 2,,CM,"CM, CAM",CAM,Midfielder,Right,71,71,66,78,56,68,67,67,68,69,75,68,70,68,69,64,75,68,67,74,84,82,70,76,70,58,56,57,58,61,55,68,72,83,64,56,4,3,14,9,8,10,12,,,,,Finesse Shot,,Men's Football,0,ea-drop-api,212192,https://www.ea.com/games/ea-sports-fc/ratings?playerId=212192,ea-drop-api,ea-drop-api,FC26_20250921-carryover,fc27,2026-08-28T09:08:58.508Z,furth,Fürth,ger-2,fc27,212192:BASE,BASE_LAUNCH
212419,Tyrone Mings,Tyrone,Mings,,1993-03-13,33,England,England,14,196,77,Aston Villa,2,Premier League,,CB,CB,,Defense,Left,78,78,58,49,66,44,37,61,42,34,45,53,67,57,70,37,75,75,53,64,34,42,75,67,71,78,76,77,78,78,80,76,80,51,85,86,2,2,7,10,13,7,15,,,,,"Long Ball Pass, Bruiser",,Men's Football,0,ea-drop-api,212419,https://www.ea.com/games/ea-sports-fc/ratings?playerId=212419,ea-drop-api,ea-drop-api,FC26_20250921-carryover,fc27,2026-08-28T09:08:58.508Z,aston-villa,Aston Villa,eng,fc27,212419:BASE,BASE_LAUNCH
212755,Jorrit Hendrix,Jorrit,Hendrix,,1995-02-06,31,Netherlands,Holland,34,182,80,Preußen Münster,531,Bundesliga 2,,CDM,"CDM, CM, CB","CM, CB",Midfielder,Left,72,72,68,66,69,59,56,71,57,54,53,62,66,66,58,57,70,73,57,67,69,73,66,68,68,70,70,68,69,71,72,76,77,74,77,75,2,2,14,8,12,8,11,,,,,"Precision Header, Slide Tackle",,Men's Football,0,ea-drop-api,212755,https://www.ea.com/games/ea-sports-fc/ratings?playerId=212755,ea-drop-api,ea-drop-api,FC26_20250921-carryover,fc27,2026-08-28T09:08:58.508Z,preuen-munster,Preußen Münster,ger-2,fc27,212755:BASE,BASE_LAUNCH
213189,Joo Min Kyu,Min Kyu,Joo,Joo Min Kyu,1990-04-13,36,South Korea,Korea Republic,167,183,79,Daejeon Hana,980,K League 1,,ST,ST,,Attack,Right,74,74,62,60,64,75,78,77,67,73,75,78,56,58,41,56,63,52,63,69,64,81,69,74,71,46,47,75,40,45,38,79,84,71,88,67,4,3,14,10,11,12,16,,,,,"Finesse Shot, Bruiser, Enforcer",,Men's Football,0,ea-drop-api,213189,https://www.ea.com/games/ea-sports-fc/ratings?playerId=213189,ea-drop-api,ea-drop-api,FC26_20250921-carryover,fc27,2026-08-28T09:08:58.508Z,daejeon-citizen,Daejeon Citizen,kor,fc27,213189:BASE,BASE_LAUNCH
213613,Simon Gustafson,Simon,Gustafson,,1995-01-11,31,Sweden,Sweden,46,185,80,BK Häcken,711,Allsvenskan,,CM,"CM, CDM",CDM,Midfielder,Left,72,72,60,55,64,70,65,77,71,73,88,71,73,75,66,71,76,73,73,71,69,64,71,72,76,65,60,65,65,66,68,76,73,81,79,64,3,3,7,7,7,11,13,,,,,"Finesse Shot, Incisive Pass, Intercept, Relentless",,Men's Football,0,ea-drop-api,213613,https://www.ea.com/games/ea-sports-fc/ratings?playerId=213613,ea-drop-api,ea-drop-api,FC26_20250921-carryover,fc27,2026-08-28T09:08:58.508Z,hacken,BK Häcken,swe,fc27,213613:BASE,BASE_LAUNCH
213884,Ryan Christie,Ryan,Christie,,1995-02-12,31,Scotland,Scotland,42,178,70,AFC Bournemouth,1943,Premier League,,CDM,"CDM, CM",CM,Midfielder,Left,79,79,69,73,66,70,68,77,70,50,73,74,77,77,72,70,80,79,75,78,78,80,80,77,79,74,81,53,74,76,74,76,69,85,69,82,4,3,13,9,12,7,8,,,,,"Intercept, Relentless",,Men's Football,0,ea-drop-api,213884,https://www.ea.com/games/ea-sports-fc/ratings?playerId=213884,ea-drop-api,ea-drop-api,FC26_20250921-carryover,fc27,2026-08-28T09:08:58.508Z,bournemouth,AFC Bournemouth,eng,fc27,213884:BASE,BASE_LAUNCH
214366,Rafael Carrascal,Rafael,Carrascal,,1992-11-26,33,Colombia,Colombia,56,173,72,,,Sudamericana,,CM,"CM, CDM",CDM,Midfielder,Right,70,70,66,65,66,63,57,76,70,31,60,63,70,72,67,65,73,71,57,65,68,69,76,68,74,69,73,49,71,72,67,71,65,70,72,73,3,2,9,8,10,10,10,,,,,Long Ball Pass,,Men's Football,0,ea-drop-api,214366,https://www.ea.com/games/ea-sports-fc/ratings?playerId=214366,ea-drop-api,ea-drop-api,FC26_20250921-carryover,fc27,2026-08-28T09:08:58.508Z,,,,,214366:BASE,BASE_LAUNCH
214854,Rubén Farfán,Rubén,Farfán,,1991-09-25,34,Chile,Chile,55,175,73,,,Sudamericana,,RM,"RM, RW",RW,Midfielder,Right,65,65,85,87,84,57,55,68,54,45,59,61,61,55,64,48,62,63,67,67,84,68,50,67,51,34,24,34,39,31,43,59,64,54,64,50,2,3,10,9,7,13,14,,,,,Rapid,,Men's Football,0,ea-drop-api,214854,https://www.ea.com/games/ea-sports-fc/ratings?playerId=214854,ea-drop-api,ea-drop-api,FC26_20250921-carryover,fc27,2026-08-28T09:08:58.508Z,,,,,214854:BASE,BASE_LAUNCH
215074,Horacio Orzán,Horacio,Orzán,,1988-04-14,38,Argentina,Argentina,52,177,74,,,Sudamericana,,CDM,"CDM, CM, CB","CM, CB",Midfielder,Right,69,69,83,82,84,56,47,71,61,43,70,59,70,75,63,68,73,69,65,70,75,77,70,70,68,63,62,65,58,68,65,73,82,78,72,69,3,3,10,8,15,15,8,,,,,"Long Ball Pass, Anticipate",,Men's Football,0,ea-drop-api,215074,https://www.ea.com/games/ea-sports-fc/ratings?playerId=215074,ea-drop-api,ea-drop-api,FC26_20250921-carryover,fc27,2026-08-28T09:08:58.508Z,,,,,215074:BASE,BASE_LAUNCH
215368,Reinhold Ranftl,Reinhold,Ranftl,,1992-01-24,34,Austria,Austria,4,180,77,FK Austria Wien,256,Ö. Bundesliga,,RB,"RB, RM",RM,Defense,Right,71,71,75,78,72,56,51,64,58,54,51,66,66,69,70,49,67,65,59,67,71,69,69,65,68,64,69,49,63,68,64,75,69,93,70,68,3,3,11,11,7,7,9,,,,,"Relentless, Long Throw",,Men's Football,0,ea-drop-api,215368,https://www.ea.com/games/ea-sports-fc/ratings?playerId=215368,ea-drop-api,ea-drop-api,FC26_20250921-carryover,fc27,2026-08-28T09:08:58.508Z,austria-wien,FK Austria Wien,aut,fc27,215368:BASE,BASE_LAUNCH
215708,Adrien Monfray,Adrien,Monfray,,1990-12-20,35,France,France,18,185,76,ESTAC Troyes,294,Ligue 2 BKT,,CB,CB,,Defense,Right,69,69,64,59,68,51,44,69,61,32,37,34,59,60,57,43,64,63,41,61,63,64,65,61,63,67,66,65,68,69,66,78,77,72,84,70,3,2,10,14,15,11,8,,,,,"Long Ball Pass, Intercept, Aerial Fortress",,Men's Football,0,ea-drop-api,215708,https://www.ea.com/games/ea-sports-fc/ratings?playerId=215708,ea-drop-api,ea-drop-api,FC26_20250921-carryover,fc27,2026-08-28T09:08:58.508Z,estac-troyes,ESTAC Troyes,fra-2,fc27,215708:BASE,BASE_LAUNCH
216227,Kayden Jackson,Kayden,Jackson,,1994-02-22,32,England,England,14,181,73,Derby County,91,EFL Championship,,ST,"ST, RW, RM","RW, RM",Attack,Right,66,66,91,91,91,64,64,65,62,62,58,66,58,60,60,55,63,46,55,66,72,62,65,66,62,42,30,62,44,41,40,60,77,64,58,54,3,3,12,16,15,8,12,,,,,Rapid,,Men's Football,0,ea-drop-api,216227,https://www.ea.com/games/ea-sports-fc/ratings?playerId=216227,ea-drop-api,ea-drop-api,FC26_20250921-carryover,fc27,2026-08-28T09:08:58.508Z,derby-county,Derby County,eng-2,fc27,216227:BASE,BASE_LAUNCH
216481,Jake Cooper,Jake,Cooper,,1995-02-03,31,England,England,14,199,85,Millwall,97,EFL Championship,,CB,CB,,Defense,Left,73,73,48,49,48,32,30,42,22,32,41,33,48,50,26,28,61,60,27,53,43,45,71,60,58,72,71,77,73,71,72,83,83,73,90,77,2,2,8,10,13,12,10,,,,,"Precision Header, Long Ball Pass, Intercept, Aerial Fortress, Bruiser",,Men's Football,0,ea-drop-api,216481,https://www.ea.com/games/ea-sports-fc/ratings?playerId=216481,ea-drop-api,ea-drop-api,FC26_20250921-carryover,fc27,2026-08-28T09:08:58.508Z,millwall,Millwall,eng-2,fc27,216481:BASE,BASE_LAUNCH
217096,Joe Lumley,Joe,Lumley,,1995-02-15,31,England,England,14,191,73,Bristol City,1919,EFL Championship,,GK,GK,,Defense,Right,70,70,71,43,46,66,12,56,16,15,17,14,74,53,18,13,30,36,15,72,30,51,64,23,31,44,25,19,20,19,20,68,64,35,65,33,3,1,71,66,74,68,72,,,,,Cross Claimer,,Men's Football,0,ea-drop-api,217096,https://www.ea.com/games/ea-sports-fc/ratings?playerId=217096,ea-drop-api,ea-drop-api,FC26_20250921-carryover,fc27,2026-08-28T09:08:58.508Z,bristol-city,Bristol City,eng-2,fc27,217096:BASE,BASE_LAUNCH
218659,Matt Targett,Matt,Targett,,1995-09-18,30,England,England,14,183,70,Middlesbrough,12,EFL Championship,,LB,"LB, LM",LM,Defense,Left,71,71,62,63,61,47,39,65,44,40,51,62,70,62,79,68,71,65,76,69,62,63,70,71,66,72,75,66,74,72,69,59,69,42,64,63,2,3,10,15,8,11,14,,,,,,,Men's Football,0,ea-drop-api,218659,https://www.ea.com/games/ea-sports-fc/ratings?playerId=218659,ea-drop-api,ea-drop-api,FC26_20250921-carryover,fc27,2026-08-28T09:08:58.508Z,middlesbrough,Middlesbrough,eng-2,fc27,218659:BASE,BASE_LAUNCH
219550,Ollie Palmer,Ollie,Palmer,,1992-01-21,34,England,England,14,196,92,Swindon Town,1934,EFL League Two,,ST,"ST, CAM",CAM,Attack,Right,64,64,42,46,39,64,65,65,58,64,64,66,53,60,40,39,61,52,42,56,32,34,62,64,65,28,24,71,13,32,30,80,72,55,91,84,3,2,14,12,14,8,14,,,,,"Precision Header, Aerial Fortress, Enforcer",,Men's Football,0,ea-drop-api,219550,https://www.ea.com/games/ea-sports-fc/ratings?playerId=219550,ea-drop-api,ea-drop-api,FC26_20250921-carryover,fc27,2026-08-28T09:08:58.508Z,swindon-town,Swindon Town,eng-4,fc27,219550:BASE,BASE_LAUNCH
219812,Patrick Ciurria,Patrick,Ciurria,,1995-02-09,31,Italy,Italy,27,178,67,Monza,111811,Serie BKT,,CAM,"CAM, RM, LM, CM","RM, LM, CM",Midfielder,Left,72,72,77,76,78,72,69,75,75,72,66,72,71,69,70,70,73,68,76,74,79,77,75,71,75,53,53,55,54,53,51,54,62,69,47,52,4,3,14,8,10,6,9,,,,,Gamechanger,,Men's Football,0,ea-drop-api,219812,https://www.ea.com/games/ea-sports-fc/ratings?playerId=219812,ea-drop-api,ea-drop-api,FC26_20250921-carryover,fc27,2026-08-28T09:08:58.508Z,monza,AC Monza,ita,fc27,219812:BASE,BASE_LAUNCH
220084,César Falletti,César,Falletti,,1992-12-02,33,Uruguay,Uruguay,60,174,65,Mantova,111433,Serie BKT,,CAM,"CAM, ST, CM","ST, CM",Midfielder,Right,71,71,90,90,90,66,62,74,70,61,64,69,69,66,68,68,71,69,73,75,90,90,64,74,73,33,22,47,50,22,21,64,70,78,61,50,3,4,11,6,7,5,13,,,,,"Dead Ball, Gamechanger, Rapid, Quick Step",,Men's Football,0,ea-drop-api,220084,https://www.ea.com/games/ea-sports-fc/ratings?playerId=220084,ea-drop-api,ea-drop-api,FC26_20250921-carryover,fc27,2026-08-28T09:08:58.508Z,mantova,Mantova,ita-2,fc27,220084:BASE,BASE_LAUNCH
220517,Francesco Di Mariano,Francesco,Di Mariano,,1996-04-20,30,Italy,Italy,27,177,68,Modena,1744,Serie BKT,,RM,"RM, RW, LM","RW, LM",Midfielder,Right,71,71,77,79,75,67,67,70,67,68,58,72,65,70,62,51,67,58,70,74,80,81,70,73,68,56,58,60,55,54,52,65,74,67,63,64,4,3,7,13,14,15,7,,,,,,,Men's Football,0,ea-drop-api,220517,https://www.ea.com/games/ea-sports-fc/ratings?playerId=220517,ea-drop-api,ea-drop-api,FC26_20250921-carryover,fc27,2026-08-28T09:08:58.508Z,modena,Modena,ita-2,fc27,220517:BASE,BASE_LAUNCH
220793,Davinson Sánchez,Davinson,Sánchez,,1996-06-12,30,Colombia,Colombia,56,187,81,Galatasaray,325,Trendyol Süper Lig,,CB,CB,,Defense,Right,82,82,82,80,84,58,59,66,44,69,44,68,63,73,36,27,76,76,31,73,72,64,78,75,69,82,82,78,83,81,82,88,92,84,90,85,2,3,9,7,10,6,15,,,,,"Precision Header, Slide Tackle, Aerial Fortress, Bruiser",,Men's Football,0,ea-drop-api,220793,https://www.ea.com/games/ea-sports-fc/ratings?playerId=220793,ea-drop-api,ea-drop-api,FC26_20250921-carryover,fc27,2026-08-28T09:08:58.508Z,galatasaray,Galatasaray SK,tur,fc27,220793:BASE,BASE_LAUNCH
221087,Pau López,Pau,López Sabata,Pau López,1994-12-13,31,Spain,Spain,45,189,77,Real Betis,449,LALIGA EA SPORTS,,GK,GK,,Defense,Left,79,80,77,45,52,77,19,59,18,17,25,20,78,69,24,21,63,55,23,79,40,57,76,43,62,48,16,15,19,20,11,79,60,42,52,39,3,1,77,77,78,79,79,,,,,"Far Throw, Deflector",,Men's Football,0,ea-drop-api,221087,https://www.ea.com/games/ea-sports-fc/ratings?playerId=221087,ea-drop-api,ea-drop-api,FC26_20250921-carryover,fc27,2026-08-28T09:08:58.508Z,real-betis,Real Betis,esp,fc27,221087:BASE,BASE_LAUNCH
221534,Gary O'Neill,Gary,O'Neill,,1995-01-27,31,Ireland,Republic of Ireland,25,180,73,Shamrock Rovers,306,SSE Airtricity PD,,CM,"CM, CDM",CDM,Midfielder,Right,61,61,50,50,50,54,50,61,56,51,63,54,62,60,59,58,65,63,59,59,60,64,61,63,68,60,61,53,62,60,59,69,58,72,68,70,3,2,13,12,13,14,11,,,,,,,Men's Football,0,ea-drop-api,221534,https://www.ea.com/games/ea-sports-fc/ratings?playerId=221534,ea-drop-api,ea-drop-api,FC26_20250921-carryover,fc27,2026-08-28T09:08:58.508Z,shamrock-rovers,Shamrock Rovers,irl,fc27,221534:BASE,BASE_LAUNCH
221827,Tim Dierßen,Tim,Dierßen,,1996-01-15,30,Germany,Germany,21,172,64,TSV Havelse,110678,3. Liga,,CM,"CM, CDM",CDM,Midfielder,Right,59,59,72,76,68,58,59,63,51,52,51,63,59,63,57,54,59,56,61,66,79,79,62,67,56,48,43,41,53,47,49,42,42,46,34,56,3,2,12,12,11,15,15,,,,,,,Men's Football,0,ea-drop-api,221827,https://www.ea.com/games/ea-sports-fc/ratings?playerId=221827,ea-drop-api,ea-drop-api,FC26_20250921-carryover,fc27,2026-08-28T09:08:58.508Z,,,,,221827:BASE,BASE_LAUNCH
222052,Lee Myung Jae,Myung Jae,Lee,Lee Myung Jae,1993-11-04,32,South Korea,Korea Republic,167,182,68,Daejeon Hana,980,K League 1,,LB,"LB, CB, LM","CB, LM",Defense,Left,70,70,77,78,76,45,42,52,45,34,32,64,62,57,70,46,65,60,59,69,79,69,68,68,57,64,65,55,60,68,67,67,71,78,61,69,3,3,13,6,14,15,16,,,,,,,Men's Football,0,ea-drop-api,222052,https://www.ea.com/games/ea-sports-fc/ratings?playerId=222052,ea-drop-api,ea-drop-api,FC26_20250921-carryover,fc27,2026-08-28T09:08:58.508Z,daejeon-citizen,Daejeon Citizen,kor,fc27,222052:BASE,BASE_LAUNCH
222273,Jiang Zhipeng,Zhipeng,Jiang,Jiang Zhipeng,1989-03-06,37,China PR,China PR,155,178,75,SZ Peng City,131487,CSL,,LB,"LB, LM",LM,Defense,Left,64,64,56,57,55,59,55,68,67,51,42,60,65,67,67,70,61,61,78,63,62,67,67,60,62,61,65,51,62,62,61,65,61,69,69,53,2,3,16,8,8,14,13,,,,,,,Men's Football,0,ea-drop-api,222273,https://www.ea.com/games/ea-sports-fc/ratings?playerId=222273,ea-drop-api,ea-drop-api,FC26_20250921-carryover,fc27,2026-08-28T09:08:58.508Z,,,,,222273:BASE,BASE_LAUNCH
222449,Cao Haiqing,Haiqing,Cao,Cao Haiqing,1993-09-28,32,China PR,China PR,155,174,69,Dalian Yingbo,132305,CSL,,LB,"LB, RB, LM","RB, LM",Defense,Right,58,58,58,63,54,38,35,38,36,36,47,58,42,48,49,39,40,33,40,58,65,80,60,56,45,57,60,54,58,57,54,53,47,69,44,57,2,2,9,13,10,10,8,,,,,,,Men's Football,0,ea-drop-api,222449,https://www.ea.com/games/ea-sports-fc/ratings?playerId=222449,ea-drop-api,ea-drop-api,FC26_20250921-carryover,fc27,2026-08-28T09:08:58.508Z,,,,,222449:BASE,BASE_LAUNCH
222709,Petros,Petros Matheus,dos Santos Araujo,Petros,1989-05-29,37,Brazil,Brazil,54,182,81,,,ROSHN Saudi League,,CDM,"CDM, CM",CM,Midfielder,Right,72,72,61,62,61,65,64,75,64,56,55,66,67,68,61,60,71,68,58,70,67,69,72,71,77,68,71,67,64,70,69,80,75,83,76,85,3,3,16,13,9,10,14,,,,,"Anticipate, Aerial Fortress",,Men's Football,0,ea-drop-api,222709,https://www.ea.com/games/ea-sports-fc/ratings?playerId=222709,ea-drop-api,ea-drop-api,FC26_20250921-carryover,fc27,2026-08-28T09:08:58.508Z,al-akhdoud-saudi-club,Al Akhdoud Saudi Club,sau,fc26-backfill,222709:BASE,BASE_LAUNCH
223115,Paul Gladon,Paul,Gladon,,1992-03-18,34,Netherlands,Holland,34,188,83,,,Eredivisie,,ST,ST,,Attack,Right,64,64,58,52,63,64,62,72,60,58,60,68,53,56,43,50,59,51,57,56,58,54,61,62,68,27,29,70,20,21,20,65,73,58,76,46,4,2,14,15,8,15,14,,,,,"Precision Header, Enforcer",,Men's Football,0,ea-drop-api,223115,https://www.ea.com/games/ea-sports-fc/ratings?playerId=223115,ea-drop-api,ea-drop-api,FC26_20250921-carryover,fc27,2026-08-28T09:08:58.508Z,fortuna-sittard,Fortuna Sittard,ned,fc26-backfill,223115:BASE,BASE_LAUNCH
223489,Aleksandar Pešić,Aleksandar,Pešić,,1992-05-21,34,Serbia,Serbia,51,190,87,Ferencvárosi TC,1874,Magyar Liga,,ST,ST,,Attack,Right,71,70,68,69,68,68,72,72,51,68,71,74,60,69,53,51,66,47,56,66,62,46,70,70,71,47,33,71,45,49,46,76,84,66,82,72,4,3,14,12,14,10,10,,,,,Finesse Shot,,Men's Football,0,ea-drop-api,223489,https://www.ea.com/games/ea-sports-fc/ratings?playerId=223489,ea-drop-api,ea-drop-api,FC26_20250921-carryover,fc27,2026-08-28T09:08:58.508Z,ferencvaros,Ferencvárosi TC,hun,fc27,223489:BASE,BASE_LAUNCH
223751,Gideon Jung,Gideon,Jung,,1994-09-12,31,Germany,Germany,21,189,76,,,Trendyol Süper Lig,,CB,CB,,Defense,Right,67,67,68,67,68,41,40,49,36,36,54,29,58,60,45,50,65,63,38,58,59,56,61,62,59,66,65,66,64,68,65,72,85,63,77,66,3,2,7,15,12,11,11,,,,,Slide Tackle,,Men's Football,0,ea-drop-api,223751,https://www.ea.com/games/ea-sports-fc/ratings?playerId=223751,ea-drop-api,ea-drop-api,FC26_20250921-carryover,fc27,2026-08-28T09:08:58.508Z,kayserispor,Kayserispor,tur,fc26-backfill,223751:BASE,BASE_LAUNCH
223957,Lucas Pirard,Lucas,Pirard,,1995-03-10,31,Belgium,Belgium,7,191,85,Standard Liège,232,1A Pro League,,GK,GK,,Defense,Right,67,67,67,31,36,65,10,49,14,13,27,16,65,30,10,17,17,14,14,68,37,52,60,20,35,33,13,15,10,15,12,66,60,23,70,31,2,1,67,65,65,66,68,,,,,,,Men's Football,0,ea-drop-api,223957,https://www.ea.com/games/ea-sports-fc/ratings?playerId=223957,ea-drop-api,ea-drop-api,FC26_20250921-carryover,fc27,2026-08-28T09:08:58.508Z,standard-liege,Standard Liège,bel,fc27,223957:BASE,BASE_LAUNCH
224185,Clint Leemans,Clint,Leemans,,1995-09-15,30,Netherlands,Holland,34,189,74,,,Eredivisie,,CM,"CM, CAM",CAM,Midfielder,Left,68,68,46,51,42,71,67,81,74,65,74,62,71,67,71,73,71,72,75,66,52,59,64,72,73,57,59,57,56,57,55,72,66,76,75,61,2,3,12,12,14,14,13,,,,,Dead Ball,,Men's Football,0,ea-drop-api,224185,https://www.ea.com/games/ea-sports-fc/ratings?playerId=224185,ea-drop-api,ea-drop-api,FC26_20250921-carryover,fc27,2026-08-28T09:08:58.508Z,nac-breda,NAC Breda,ned,fc26-backfill,224185:BASE,BASE_LAUNCH
224371,Jarrod Bowen,Jarrod,Bowen,,1996-12-20,29,England,England,14,175,70,West Ham,19,Premier League,,RM,"RM, ST, RW","ST, RW",Midfielder,Left,83,83,76,78,74,81,84,80,80,73,75,83,78,79,80,70,80,73,75,82,79,81,84,82,80,46,37,82,49,41,37,70,84,83,66,62,4,4,14,8,14,10,7,,,,,"Precision Header, Low Driven Shot, Gamechanger, Technical",,Men's Football,0,ea-drop-api,224371,https://www.ea.com/games/ea-sports-fc/ratings?playerId=224371,ea-drop-api,ea-drop-api,FC26_20250921-carryover,fc27,2026-08-28T09:08:58.508Z,west-ham-united,West Ham United,eng,fc27,224371:BASE,BASE_LAUNCH
224520,Ryan Kent,Ryan,Kent,,1996-11-11,29,England,England,14,172,65,Sounders FC,111144,MLS,,LW,"LW, CAM, LM","CAM, LM",Attack,Right,75,75,89,90,88,69,65,79,72,65,52,70,70,71,70,61,71,69,75,80,91,87,68,76,70,42,43,51,41,41,33,68,73,76,62,70,5,4,9,8,6,13,7,,,,,"Power Shot, Technical, Quick Step",,Men's Football,0,ea-drop-api,224520,https://www.ea.com/games/ea-sports-fc/ratings?playerId=224520,ea-drop-api,ea-drop-api,FC26_20250921-carryover,fc27,2026-08-28T09:08:58.508Z,seattle-sounders-fc,Seattle Sounders FC,mls,fc27,224520:BASE,BASE_LAUNCH
224685,Zhang Xiaobin,Xiaobin,Zhang,Zhang Xiaobin,1993-10-23,32,China PR,China PR,155,188,79,SZ Peng City,131487,CSL,,CM,"CM, CDM, CB","CDM, CB",Midfielder,Right,62,62,54,55,54,55,53,58,60,40,52,58,57,62,46,39,63,64,44,57,60,61,63,61,52,58,63,51,63,54,53,75,68,76,81,61,2,2,9,10,12,11,10,,,,,,,Men's Football,0,ea-drop-api,224685,https://www.ea.com/games/ea-sports-fc/ratings?playerId=224685,ea-drop-api,ea-drop-api,FC26_20250921-carryover,fc27,2026-08-28T09:08:58.508Z,,,,,224685:BASE,BASE_LAUNCH
224982,Antonio Palumbo,Antonio,Palumbo,,1996-08-06,30,Italy,Italy,27,182,76,Palermo,1843,Serie BKT,,CAM,"CAM, CM",CM,Midfielder,Left,74,74,71,75,67,67,68,68,68,59,56,70,71,78,58,67,75,72,63,74,79,75,70,76,63,63,66,67,61,62,61,79,80,90,77,69,4,3,10,16,13,14,8,,,,,"Finesse Shot, Chip Shot, Incisive Pass, Long Ball Pass, Inventive, Press Proven, Relentless",,Men's Football,0,ea-drop-api,224982,https://www.ea.com/games/ea-sports-fc/ratings?playerId=224982,ea-drop-api,ea-drop-api,FC26_20250921-carryover,fc27,2026-08-28T09:08:58.508Z,palermo,Palermo,ita-2,fc27,224982:BASE,BASE_LAUNCH
225200,Kike Barja,Enrique,Barja Afonso,Kike Barja,1997-04-01,29,Spain,Spain,45,179,69,CA Osasuna,479,LALIGA EA SPORTS,,RM,"RM, LM, LW, RW","LM, LW, RW",Midfielder,Right,74,74,74,76,72,66,70,66,61,49,58,75,69,73,73,41,71,70,52,74,70,62,70,75,69,35,33,59,35,30,31,58,71,59,60,47,3,3,6,12,12,15,8,,,,,Technical,,Men's Football,0,ea-drop-api,225200,https://www.ea.com/games/ea-sports-fc/ratings?playerId=225200,ea-drop-api,ea-drop-api,FC26_20250921-carryover,fc27,2026-08-28T09:08:58.508Z,osasuna,CA Osasuna,esp,fc27,225200:BASE,BASE_LAUNCH
225475,Hernani,Hernani,Azevedo Júnior,Hernani,1994-03-27,32,Brazil,Brazil,54,188,77,Parma,50,Serie A Enilive,,CDM,"CDM, CM, CAM","CM, CAM",Midfielder,Right,75,75,58,60,56,70,63,78,77,63,73,69,71,71,60,77,75,76,63,72,67,57,73,74,77,73,77,66,73,74,70,72,72,67,71,79,4,3,9,13,13,11,7,,,,,Power Shot,,Men's Football,0,ea-drop-api,225475,https://www.ea.com/games/ea-sports-fc/ratings?playerId=225475,ea-drop-api,ea-drop-api,FC26_20250921-carryover,fc27,2026-08-28T09:08:58.508Z,parma,Parma Calcio,ita,fc27,225475:BASE,BASE_LAUNCH
225696,Murilo,Murilo,de Souza Costa,Murilo,1994-10-31,31,Brazil,Brazil,54,177,68,Gil Vicente,1888,Liga Portugal,,RM,"RM, LM, RW","LM, RW",Midfielder,Left,71,71,85,86,84,68,67,75,65,68,70,67,65,65,65,72,67,57,69,72,84,70,62,74,68,25,23,58,21,21,23,63,77,78,67,32,3,3,13,11,8,9,7,,,,,"Finesse Shot, Technical",,Men's Football,0,ea-drop-api,225696,https://www.ea.com/games/ea-sports-fc/ratings?playerId=225696,ea-drop-api,ea-drop-api,FC26_20250921-carryover,fc27,2026-08-28T09:08:58.508Z,gil-vicente,Gil Vicente FC,por,fc27,225696:BASE,BASE_LAUNCH
225868,David Gil,David,Gil Mohedano,David Gil,1994-01-11,32,Spain,Spain,45,186,81,Cádiz CF,1968,LALIGA HYPERMOTION,,GK,GK,,Defense,Left,70,70,70,48,46,69,13,51,12,16,21,12,68,33,30,19,30,20,31,70,32,55,63,29,40,47,25,20,15,15,16,69,66,41,66,25,2,1,70,69,68,69,70,,,,,Footwork,,Men's Football,0,ea-drop-api,225868,https://www.ea.com/games/ea-sports-fc/ratings?playerId=225868,ea-drop-api,ea-drop-api,FC26_20250921-carryover,fc27,2026-08-28T09:08:58.508Z,cadiz-cf,Cádiz CF,esp-2,fc27,225868:BASE,BASE_LAUNCH
226129,Jon Gorenc Stanković,Jon,Gorenc Stanković,,1996-01-14,30,Slovenia,Slovenia,44,190,78,SK Sturm Graz,209,Ö. Bundesliga,,CDM,"CDM, CM",CM,Midfielder,Right,74,74,39,41,37,46,44,59,38,39,40,53,59,64,41,29,70,64,52,66,51,54,70,72,76,75,76,72,77,75,74,81,75,84,84,69,3,2,9,10,12,8,7,,,,,"Precision Header, Intercept, Aerial Fortress",,Men's Football,0,ea-drop-api,226129,https://www.ea.com/games/ea-sports-fc/ratings?playerId=226129,ea-drop-api,ea-drop-api,FC26_20250921-carryover,fc27,2026-08-28T09:08:58.508Z,sturm-graz,SK Sturm Graz,aut,fc27,226129:BASE,BASE_LAUNCH
226375,Kathrin Hendrich,Kathrin,Hendrich,,1992-04-06,34,Germany,Germany,21,173,55,Chicago Stars FC,116305,NWSL,,CB,CB,,Defense,Right,82,,73,73,73,44,42,64,27,30,56,59,70,54,62,49,84,78,72,72,79,62,80,80,70,83,82,84,85,82,83,76,85,81,71,81,3,2,13,10,13,9,9,,,,,"Pinged Pass, Long Ball Pass, Jockey, Block, Anticipate, Slide Tackle",,Women's Football,1,ea-drop-api,226375,https://www.ea.com/games/ea-sports-fc/ratings?playerId=226375,ea-drop-api,ea-drop-api,,fc27,2026-08-28T09:08:58.508Z,,,,,226375:BASE,BASE_LAUNCH
226584,Pablo Aránguiz,Pablo,Aránguiz,,1997-03-17,29,Chile,Chile,55,172,65,,,Sudamericana,,LW,"LW, CAM, CM, LM","CAM, CM, LM",Attack,Right,71,71,80,83,78,66,64,69,72,51,65,68,69,70,62,75,72,66,74,74,85,74,59,74,67,35,29,39,40,32,34,54,54,70,45,58,3,4,11,7,8,15,15,,,,,Technical,,Men's Football,0,ea-drop-api,226584,https://www.ea.com/games/ea-sports-fc/ratings?playerId=226584,ea-drop-api,ea-drop-api,FC26_20250921-carryover,fc27,2026-08-28T09:08:58.508Z,,,,,226584:BASE,BASE_LAUNCH
226853,Jeremiah St. Juste,Jeremiah,St. Juste,,1996-10-19,29,Netherlands,Holland,34,184,79,Sporting CP,237,Liga Portugal,,CB,"CB, RB",RB,Defense,Right,76,78,92,90,93,57,59,66,48,48,59,48,65,67,57,42,75,70,36,73,82,70,75,70,68,76,76,70,78,77,75,73,85,68,74,74,3,3,12,14,9,13,11,,,,,"Long Ball Pass, Intercept, Quick Step",,Men's Football,0,ea-drop-api,226853,https://www.ea.com/games/ea-sports-fc/ratings?playerId=226853,ea-drop-api,ea-drop-api,FC26_20250921-carryover,fc27,2026-08-28T09:08:58.508Z,sporting-cp,Sporting CP,por,fc27,226853:BASE,BASE_LAUNCH
227174,Matty Cash,Matty,Cash,,1997-08-07,29,Poland,Poland,37,185,74,Aston Villa,2,Premier League,,RB,"RB, RM",RM,Defense,Right,79,79,75,74,75,66,66,77,64,55,44,71,71,66,77,48,74,71,70,75,73,67,79,76,72,75,76,49,77,80,80,76,67,86,68,84,3,3,15,16,13,13,8,,,,,Long Throw,,Men's Football,0,ea-drop-api,227174,https://www.ea.com/games/ea-sports-fc/ratings?playerId=227174,ea-drop-api,ea-drop-api,FC26_20250921-carryover,fc27,2026-08-28T09:08:58.508Z,aston-villa,Aston Villa,eng,fc27,227174:BASE,BASE_LAUNCH
227369,Synne Jensen,Synne,Jensen,,1996-02-15,30,Norway,Norway,36,173,64,Atlético de Madrid,116327,Liga F Moeve,,RW,"RW, ST, RM","ST, RM",Attack,Right,77,,78,80,77,80,80,80,80,77,76,78,73,74,70,73,73,70,80,78,76,72,79,80,76,30,23,68,32,21,30,73,82,74,76,64,5,3,10,15,16,8,9,,,,,Aerial Fortress,,Women's Football,1,ea-drop-api,227369,https://www.ea.com/games/ea-sports-fc/ratings?playerId=227369,ea-drop-api,ea-drop-api,,fc27,2026-08-28T09:08:58.508Z,,,,,227369:BASE,BASE_LAUNCH
227632,Jeon Min Gwang,Min Gwang,Jeon,Jeon Min Gwang,1993-01-17,33,South Korea,Korea Republic,167,187,73,Pohang Steelers,1474,K League 1,,CB,"CB, RB, LB, RM","RB, LB, RM",Defense,Right,70,70,75,77,74,51,45,61,54,48,52,47,58,65,47,39,66,59,36,57,64,57,65,59,59,68,68,71,69,67,66,80,90,80,84,68,3,2,16,16,12,7,7,,,,,"Aerial Fortress, Bruiser",,Men's Football,0,ea-drop-api,227632,https://www.ea.com/games/ea-sports-fc/ratings?playerId=227632,ea-drop-api,ea-drop-api,FC26_20250921-carryover,fc27,2026-08-28T09:08:58.508Z,pohang-steelers,Pohang Steelers,kor,fc27,227632:BASE,BASE_LAUNCH
227859,Jeong Hyun Cheol,Hyun Cheol,Jeong,Jeong Hyun Cheol,1993-04-26,33,South Korea,Korea Republic,167,187,72,,,K League 1,,CDM,"CDM, CB, CM","CB, CM",Midfielder,Right,63,63,47,45,48,51,44,67,60,32,35,53,56,61,35,43,68,64,34,57,59,63,60,57,59,60,59,66,55,62,61,71,69,71,76,61,3,2,14,7,14,7,7,,,,,,,Men's Football,0,ea-drop-api,227859,https://www.ea.com/games/ea-sports-fc/ratings?playerId=227859,ea-drop-api,ea-drop-api,FC26_20250921-carryover,fc27,2026-08-28T09:08:58.508Z,daegu-fc,Daegu FC,kor,fc26-backfill,227859:BASE,BASE_LAUNCH
228080,Felix Passlack,Felix,Passlack,,1998-05-29,28,Germany,Germany,21,172,70,VfL Bochum 1848,160,Bundesliga 2,,RB,"RB, RM",RM,Defense,Right,71,72,71,76,67,64,65,71,55,53,66,66,68,64,71,63,69,66,68,73,75,84,70,72,67,65,64,44,68,70,68,71,63,77,65,80,4,3,10,11,10,16,9,,,,,,,Men's Football,0,ea-drop-api,228080,https://www.ea.com/games/ea-sports-fc/ratings?playerId=228080,ea-drop-api,ea-drop-api,FC26_20250921-carryover,fc27,2026-08-28T09:08:58.508Z,bochum,VfL Bochum,ger,fc27,228080:BASE,BASE_LAUNCH
228271,Christofer Gonzáles,Christofer,Gonzáles,,1992-10-12,33,Peru,Peru,59,177,71,,,Libertadores,,CAM,"CAM, RM, CM","RM, CM",Midfielder,Right,71,71,68,65,71,69,70,70,70,58,71,65,70,71,66,70,74,72,52,74,80,70,66,70,60,51,65,49,56,41,40,58,60,71,61,35,3,3,6,9,12,7,9,,,,,Technical,,Men's Football,0,ea-drop-api,228271,https://www.ea.com/games/ea-sports-fc/ratings?playerId=228271,ea-drop-api,ea-drop-api,FC26_20250921-carryover,fc27,2026-08-28T09:08:58.508Z,,,,,228271:BASE,BASE_LAUNCH
228487,Kim Yi Seok,Yi Seok,Kim,Kim Yi Seok,1992-03-26,34,South Korea,Korea Republic,167,172,60,Gimcheon Sangmu,2055,K League 1,,CM,"CM, CDM, RM","CDM, RM",Midfielder,Right,60,60,63,60,65,51,49,51,56,41,50,57,58,62,46,47,67,57,49,59,72,85,56,61,52,51,57,41,51,52,43,49,38,72,44,36,3,2,16,10,10,15,14,,,,,,,Men's Football,0,ea-drop-api,228487,https://www.ea.com/games/ea-sports-fc/ratings?playerId=228487,ea-drop-api,ea-drop-api,FC26_20250921-carryover,fc27,2026-08-28T09:08:58.508Z,gimcheon-sangmu-fc,Gimcheon Sangmu FC,kor,fc27,228487:BASE,BASE_LAUNCH
228730,Saúl Salcedo,Saúl,Salcedo,,1997-08-29,28,Paraguay,Paraguay,58,183,75,Newell's,110396,LPF,,CB,CB,,Defense,Right,71,73,54,58,50,33,28,52,27,26,43,28,47,43,39,29,57,48,33,54,51,66,68,60,68,71,69,72,66,75,72,75,82,62,86,64,2,2,7,14,6,7,13,,,,,"Long Ball Pass, Aerial Fortress",,Men's Football,0,ea-drop-api,228730,https://www.ea.com/games/ea-sports-fc/ratings?playerId=228730,ea-drop-api,ea-drop-api,FC26_20250921-carryover,fc27,2026-08-28T09:08:58.508Z,newell-s-old-boys,Newell's Old Boys,arg,fc27,228730:BASE,BASE_LAUNCH
228912,Bobby Allain,Bobby,Allain,,1991-11-28,34,France,France,18,185,77,Grenoble Foot 38,1805,Ligue 2 BKT,,GK,GK,,Defense,Right,65,65,63,36,40,65,15,50,17,19,26,6,67,31,16,21,24,24,12,64,30,29,61,23,45,38,10,18,10,15,12,66,56,25,55,20,2,1,63,65,67,66,64,,,,,,,Men's Football,0,ea-drop-api,228912,https://www.ea.com/games/ea-sports-fc/ratings?playerId=228912,ea-drop-api,ea-drop-api,FC26_20250921-carryover,fc27,2026-08-28T09:08:58.508Z,grenoble-foot-38,Grenoble Foot 38,fra-2,fc27,228912:BASE,BASE_LAUNCH
229188,Vangelis Pavlidis,Vangelis,Pavlidis,,1998-11-21,27,Greece,Greece,22,186,80,SL Benfica,234,Liga Portugal,,ST,"ST, CAM",CAM,Attack,Right,82,84,79,81,77,82,84,83,78,76,81,83,71,76,62,54,75,72,76,80,76,71,83,82,77,47,42,80,44,46,37,82,84,87,82,77,4,3,13,11,10,13,14,,,,,"Chip Shot, Acrobatic, Gamechanger, Technical, Relentless",,Men's Football,0,ea-drop-api,229188,https://www.ea.com/games/ea-sports-fc/ratings?playerId=229188,ea-drop-api,ea-drop-api,FC26_20250921-carryover,fc27,2026-08-28T09:08:58.508Z,benfica,SL Benfica,por,fc27,229188:BASE,BASE_LAUNCH
229391,Palhinha,João Maria,Palhinha Gonçalves,Palhinha,1995-07-09,31,Portugal,Portugal,38,190,83,Spurs,18,Premier League,,CDM,"CDM, CM",CM,Midfielder,Right,83,83,56,54,58,68,66,81,67,55,57,69,70,71,60,45,77,77,66,72,51,50,79,76,84,84,85,81,83,86,85,85,83,79,86,91,4,2,14,10,8,7,7,,,,,Slide Tackle,Bruiser+,Men's Football,0,ea-drop-api,229391,https://www.ea.com/games/ea-sports-fc/ratings?playerId=229391,ea-drop-api,ea-drop-api,FC26_20250921-carryover,fc27,2026-08-28T09:08:58.508Z,tottenham-hotspur,Tottenham Hotspur,eng,fc27,229391:BASE,BASE_LAUNCH
229637,Gökhan Akkan,Gökhan,Akkan,,1995-01-01,31,Turkey,Turkey,48,188,80,Gençlerbirliği,101025,Trendyol Süper Lig,,GK,GK,,Defense,Right,69,70,70,48,48,66,15,50,14,12,21,13,66,34,15,18,29,26,12,72,49,59,63,10,54,48,25,13,12,15,19,69,57,35,69,20,2,1,70,66,66,69,72,,,,,Rush Out,,Men's Football,0,ea-drop-api,229637,https://www.ea.com/games/ea-sports-fc/ratings?playerId=229637,ea-drop-api,ea-drop-api,FC26_20250921-carryover,fc27,2026-08-28T09:08:58.508Z,,,,,229637:BASE,BASE_LAUNCH
229881,Ariel Lassiter,Ariel,Lassiter,,1994-09-27,31,Costa Rica,Costa Rica,72,178,70,Portland Timbers,111140,MLS,,LM,"LM, RM, ST, LB","RM, ST, LB",Midfielder,Left,66,66,81,81,81,64,64,71,62,50,66,65,58,59,60,65,62,45,59,66,74,69,60,65,60,38,30,56,34,45,27,59,71,74,59,35,5,3,8,13,9,7,15,,,,,,,Men's Football,0,ea-drop-api,229881,https://www.ea.com/games/ea-sports-fc/ratings?playerId=229881,ea-drop-api,ea-drop-api,FC26_20250921-carryover,fc27,2026-08-28T09:08:58.508Z,portland-timbers,Portland Timbers,mls,fc27,229881:BASE,BASE_LAUNCH
230126,James Brophy,James,Brophy,,1994-07-25,32,England,England,14,180,72,Cambridge Utd,1944,EFL League Two,,CM,"CM, LM, RM, CAM","LM, RM, CAM",Midfielder,Left,63,63,85,82,87,53,54,56,51,40,50,64,61,63,63,54,60,62,52,65,78,69,62,63,64,57,59,42,59,59,57,70,65,84,66,64,2,3,8,10,9,7,6,,,,,Relentless,,Men's Football,0,ea-drop-api,230126,https://www.ea.com/games/ea-sports-fc/ratings?playerId=230126,ea-drop-api,ea-drop-api,FC26_20250921-carryover,fc27,2026-08-28T09:08:58.508Z,cambridge-utd,Cambridge Utd,eng-3,fc27,230126:BASE,BASE_LAUNCH
230708,Joe Worrall,Joe,Worrall,,1997-01-10,29,England,England,14,190,90,Burnley,1796,Premier League,,CB,CB,,Defense,Right,73,73,48,46,50,25,20,34,22,30,35,27,51,30,39,29,68,68,27,45,43,46,68,54,63,75,73,75,76,74,75,76,77,65,83,72,2,2,11,11,5,9,14,,,,,,,Men's Football,0,ea-drop-api,230708,https://www.ea.com/games/ea-sports-fc/ratings?playerId=230708,ea-drop-api,ea-drop-api,FC26_20250921-carryover,fc27,2026-08-28T09:08:58.508Z,burnley,Burnley,eng-2,fc27,230708:BASE,BASE_LAUNCH
230899,Ademola Lookman,Ademola,Lookman,,1997-10-20,28,Nigeria,Nigeria,133,174,71,Bergamo Calcio,115845,Serie A Enilive,,ST,"ST, CAM",CAM,Attack,Right,84,84,86,90,83,84,87,86,80,80,62,87,73,80,66,56,80,62,72,88,93,81,86,88,80,32,35,71,30,23,24,67,82,73,63,68,4,4,12,12,9,15,6,,,,,"Dead Ball, Low Driven Shot, Gamechanger, First Touch, Quick Step",,Men's Football,0,ea-drop-api,230899,https://www.ea.com/games/ea-sports-fc/ratings?playerId=230899,ea-drop-api,ea-drop-api,FC26_20250921-carryover,fc27,2026-08-28T09:08:58.508Z,atalanta,Atalanta,ita,fc27,230899:BASE,BASE_LAUNCH
231139,Jack Fitzwater,Jack,Fitzwater,,1997-09-23,28,England,England,14,188,70,Exeter City,143,EFL League One,,CB,CB,,Defense,Right,64,65,63,70,58,37,35,50,26,37,43,35,48,52,28,36,57,59,37,54,61,63,66,55,60,64,64,62,64,64,63,69,74,67,71,66,3,2,14,8,9,5,15,,,,,,,Men's Football,0,ea-drop-api,231139,https://www.ea.com/games/ea-sports-fc/ratings?playerId=231139,ea-drop-api,ea-drop-api,FC26_20250921-carryover,fc27,2026-08-28T09:08:58.508Z,exeter-city,Exeter City,eng-3,fc27,231139:BASE,BASE_LAUNCH
231390,Diogo Gonçalves,Diogo António,Cupido Gonçalves,Diogo Gonçalves,1997-02-06,29,Portugal,Portugal,38,178,70,Real Salt Lake,111065,MLS,,LM,"LM, CM, CAM, LW","CM, CAM, LW",Midfielder,Right,74,74,82,83,82,70,67,75,70,67,70,71,72,74,71,73,72,67,75,74,79,76,72,74,75,62,66,52,64,62,59,69,71,75,64,73,4,4,13,15,7,6,9,,,,,"Whipped Pass, Rapid",,Men's Football,0,ea-drop-api,231390,https://www.ea.com/games/ea-sports-fc/ratings?playerId=231390,ea-drop-api,ea-drop-api,FC26_20250921-carryover,fc27,2026-08-28T09:08:58.508Z,real-salt-lake,Real Salt Lake,mls,fc27,231390:BASE,BASE_LAUNCH
231554,James Justin,James,Justin,,1998-02-23,28,England,England,14,183,80,Leeds United,8,Premier League,,RB,"RB, LB, LM","LB, LM",Defense,Right,74,75,79,73,83,52,53,54,47,53,43,65,69,67,73,60,72,67,60,70,67,70,71,70,66,71,71,68,71,72,71,70,75,74,69,66,4,3,13,7,6,5,14,,,,,Block,,Men's Football,0,ea-drop-api,231554,https://www.ea.com/games/ea-sports-fc/ratings?playerId=231554,ea-drop-api,ea-drop-api,FC26_20250921-carryover,fc27,2026-08-28T09:08:58.508Z,leeds-united,Leeds United,eng-2,fc27,231554:BASE,BASE_LAUNCH
231743,Keinan Davis,Keinan,Davis,,1998-02-13,28,England,England,14,189,68,Udinese,55,Serie A Enilive,,ST,ST,,Attack,Right,72,72,64,61,66,71,73,80,63,64,60,72,56,58,50,40,64,50,49,72,65,65,67,73,70,40,39,74,36,38,23,76,82,60,81,80,2,3,7,14,9,9,5,,,,,Press Proven,,Men's Football,0,ea-drop-api,231743,https://www.ea.com/games/ea-sports-fc/ratings?playerId=231743,ea-drop-api,ea-drop-api,FC26_20250921-carryover,fc27,2026-08-28T09:08:58.508Z,udinese,Udinese Calcio,ita,fc27,231743:BASE,BASE_LAUNCH
231948,Brendan Hines-Ike,Brendan,Hines-Ike,,1994-11-30,31,USA,United States,95,185,77,Austin FC,114161,MLS,,CB,CB,,Defense,Right,65,65,51,53,50,53,52,65,49,47,42,39,55,56,50,35,60,59,48,58,65,64,58,58,66,65,65,63,65,65,64,72,70,69,75,71,3,2,6,12,14,13,6,,,,,,,Men's Football,0,ea-drop-api,231948,https://www.ea.com/games/ea-sports-fc/ratings?playerId=231948,ea-drop-api,ea-drop-api,FC26_20250921-carryover,fc27,2026-08-28T09:08:58.508Z,austin-fc,Austin FC,mls,fc27,231948:BASE,BASE_LAUNCH
232156,Mathias Honsak,Mathias,Honsak,,1996-12-20,29,Austria,Austria,4,188,80,Heidenheim,111235,Bundesliga,,LM,"LM, LW, ST","LW, ST",Midfielder,Left,74,74,86,88,85,70,71,73,71,63,47,72,68,68,72,64,70,60,70,74,72,70,62,76,70,54,57,55,44,62,51,69,79,67,71,64,4,3,5,9,7,11,12,,,,,"Rapid, Quick Step",,Men's Football,0,ea-drop-api,232156,https://www.ea.com/games/ea-sports-fc/ratings?playerId=232156,ea-drop-api,ea-drop-api,FC26_20250921-carryover,fc27,2026-08-28T09:08:58.508Z,fc-heidenheim,1. FC Heidenheim,ger,fc27,232156:BASE,BASE_LAUNCH
232413,Anfernee Dijksteel,Anfernee,Dijksteel,,1996-10-27,29,Suriname,Suriname,92,183,72,Kocaelispor,101032,Trendyol Süper Lig,,RB,"RB, RM",RM,Defense,Right,69,69,72,75,70,38,32,54,33,30,43,46,56,44,54,35,68,61,42,65,67,69,68,66,62,69,67,64,69,71,68,73,72,68,76,74,2,2,9,6,10,15,13,,,,,,,Men's Football,0,ea-drop-api,232413,https://www.ea.com/games/ea-sports-fc/ratings?playerId=232413,ea-drop-api,ea-drop-api,FC26_20250921-carryover,fc27,2026-08-28T09:08:58.508Z,,,,,232413:BASE,BASE_LAUNCH
232670,Fernando Zampedri,Fernando,Zampedri,,1988-02-14,38,Chile,Chile,55,184,84,Uni. Católica,110975,Liga Chile,,ST,ST,,Attack,Right,74,74,57,52,61,78,80,81,72,74,77,80,56,56,50,53,63,53,45,67,62,51,67,69,67,29,15,77,34,19,22,74,81,52,82,82,3,3,5,8,9,10,15,,,,,"Finesse Shot, Chip Shot, Precision Header, Acrobatic, First Touch",,Men's Football,0,ea-drop-api,232670,https://www.ea.com/games/ea-sports-fc/ratings?playerId=232670,ea-drop-api,ea-drop-api,FC26_20250921-carryover,fc27,2026-08-28T09:08:58.508Z,,,,,232670:BASE,BASE_LAUNCH
232905,Junya Ito,Junya,Ito,,1993-03-09,33,Japan,Japan,163,176,66,KRC Genk,673,1A Pro League,,RM,"RM, RW",RW,Midfielder,Right,77,77,86,90,83,69,70,68,71,69,57,74,72,75,74,66,74,64,72,78,87,76,71,76,75,58,67,44,54,61,56,70,68,89,63,64,4,4,13,12,15,5,7,,,,,"Dead Ball, Incisive Pass, Whipped Pass, Inventive, Rapid, Quick Step, Relentless",,Men's Football,0,ea-drop-api,232905,https://www.ea.com/games/ea-sports-fc/ratings?playerId=232905,ea-drop-api,ea-drop-api,FC26_20250921-carryover,fc27,2026-08-28T09:08:58.508Z,genk,KRC Genk,bel,fc27,232905:BASE,BASE_LAUNCH
233152,Ko Itakura,Ko,Itakura,,1997-01-27,29,Japan,Japan,163,188,80,,,Eredivisie,,CB,"CB, CDM",CDM,Defense,Right,77,78,75,77,74,59,60,67,58,58,38,53,61,59,34,40,78,73,41,74,70,69,76,74,76,77,78,74,77,77,81,76,84,76,75,76,4,3,13,6,9,10,12,,,,,"Block, Slide Tackle",,Men's Football,0,ea-drop-api,233152,https://www.ea.com/games/ea-sports-fc/ratings?playerId=233152,ea-drop-api,ea-drop-api,FC26_20250921-carryover,fc27,2026-08-28T09:08:58.508Z,ajax,AFC Ajax,ned,fc26-backfill,233152:BASE,BASE_LAUNCH
233379,Niklas Castro,Niklas,Castro,,1996-01-08,30,Chile,Chile,55,173,72,SK Brann,919,Eliteserien,,LW,"LW, LM",LM,Attack,Right,69,69,74,76,73,66,66,66,67,63,68,67,65,66,67,67,65,58,69,70,74,78,64,70,67,42,45,51,42,39,32,64,65,77,57,65,3,4,9,15,10,11,10,,,,,Technical,,Men's Football,0,ea-drop-api,233379,https://www.ea.com/games/ea-sports-fc/ratings?playerId=233379,ea-drop-api,ea-drop-api,FC26_20250921-carryover,fc27,2026-08-28T09:08:58.508Z,brann,SK Brann,nor,fc27,233379:BASE,BASE_LAUNCH
233588,Elgezabal,Unai,Elgezabal Udondo,Elgezabal,1993-04-25,33,Spain,Spain,45,185,74,Levante UD,1853,LALIGA EA SPORTS,,CB,"CB, CM, CDM","CM, CDM",Defense,Right,74,73,58,53,62,50,47,66,40,32,68,43,58,60,40,46,69,68,36,62,53,49,73,68,64,76,76,70,78,75,74,77,73,77,78,75,3,2,8,14,14,15,6,,,,,"Long Ball Pass, Aerial Fortress",,Men's Football,0,ea-drop-api,233588,https://www.ea.com/games/ea-sports-fc/ratings?playerId=233588,ea-drop-api,ea-drop-api,FC26_20250921-carryover,fc27,2026-08-28T09:08:58.508Z,levante-ud,Levante UD,esp-2,fc27,233588:BASE,BASE_LAUNCH
233820,Sheriff Sinyan,Sheriff,Sinyan,,1996-07-19,30,Gambia,Gambia,116,188,84,CFR 1907 Cluj,114385,SUPERLIGA,,CB,CB,,Defense,Right,66,68,67,66,68,43,40,52,38,41,47,56,54,54,44,38,59,61,45,60,64,62,62,58,62,64,64,64,62,67,64,71,76,58,77,70,2,2,8,8,9,15,8,,,,,,,Men's Football,0,ea-drop-api,233820,https://www.ea.com/games/ea-sports-fc/ratings?playerId=233820,ea-drop-api,ea-drop-api,FC26_20250921-carryover,fc27,2026-08-28T09:08:58.508Z,cfr-cluj,CFR Cluj,rou,fc27,233820:BASE,BASE_LAUNCH
233970,Jordan Wright,Jordan,Wright,,1999-02-27,27,England,England,14,190,86,Newport County,112254,EFL League Two,,GK,GK,,Defense,Right,58,60,61,20,22,54,5,44,6,6,15,10,58,38,13,11,28,22,12,61,35,28,51,12,37,21,15,17,17,14,14,56,42,24,46,28,2,1,61,54,58,56,61,,,,,,,Men's Football,0,ea-drop-api,233970,https://www.ea.com/games/ea-sports-fc/ratings?playerId=233970,ea-drop-api,ea-drop-api,FC26_20250921-carryover,fc27,2026-08-28T09:08:58.508Z,newport-county,Newport County,eng-4,fc27,233970:BASE,BASE_LAUNCH
234200,Aschraf El Mahdioui,Aschraf,El Mahdioui,,1996-05-24,30,Netherlands,Holland,34,182,71,Al Taawoun,112393,ROSHN Saudi League,,CDM,"CDM, CM, CB","CM, CB",Midfielder,Right,78,78,66,69,63,55,44,66,66,53,65,57,74,73,64,65,80,80,72,73,75,68,78,79,81,72,75,54,75,75,68,78,63,90,75,75,4,3,10,9,9,6,12,,,,,"Pinged Pass, Long Ball Pass, Intercept, Aerial Fortress, Press Proven",,Men's Football,0,ea-drop-api,234200,https://www.ea.com/games/ea-sports-fc/ratings?playerId=234200,ea-drop-api,ea-drop-api,FC26_20250921-carryover,fc27,2026-08-28T09:08:58.508Z,al-taawoun-fc,Al Taawoun FC,sau,fc27,234200:BASE,BASE_LAUNCH
234416,Dominik Nothnagel,Dominik,Nothnagel,,1994-12-28,31,Germany,Germany,21,184,78,VfB Stuttgart II,110697,3. Liga,,CB,CB,,Defense,Left,63,63,69,68,69,42,30,69,45,44,35,42,53,44,58,35,59,52,53,56,60,59,60,58,47,63,62,59,62,66,61,71,68,84,68,65,3,2,10,8,8,11,10,,,,,Long Ball Pass,,Men's Football,0,ea-drop-api,234416,https://www.ea.com/games/ea-sports-fc/ratings?playerId=234416,ea-drop-api,ea-drop-api,FC26_20250921-carryover,fc27,2026-08-28T09:08:58.508Z,vfb-stuttgart-ii,VfB Stuttgart II,ger-3,fc27,234416:BASE,BASE_LAUNCH
234683,Andi Zeqiri,Andi,Zeqiri,,1999-06-22,27,Switzerland,Switzerland,47,185,81,Widzew Łódź,301,PKO BP Ekstraklasa,,ST,ST,,Attack,Left,72,75,66,73,61,74,76,76,70,60,81,69,60,60,63,48,66,41,65,73,70,68,71,75,64,23,18,70,22,12,18,72,81,78,77,49,4,3,15,13,14,14,13,,,,,"Chip Shot, Gamechanger",,Men's Football,0,ea-drop-api,234683,https://www.ea.com/games/ea-sports-fc/ratings?playerId=234683,ea-drop-api,ea-drop-api,FC26_20250921-carryover,fc27,2026-08-28T09:08:58.508Z,,,,,234683:BASE,BASE_LAUNCH
234856,Houboulang Mendes,Houboulang,Mendes,,1998-05-04,28,Guinea-Bissau,Guinea-Bissau,119,184,76,,,Eredivisie,,RB,"RB, RM",RM,Defense,Right,69,70,76,74,77,42,39,52,39,43,42,48,59,50,65,39,65,60,48,63,58,56,58,67,53,68,69,70,65,69,67,72,82,67,77,65,3,2,11,10,5,9,10,,,,,Block,,Men's Football,0,ea-drop-api,234856,https://www.ea.com/games/ea-sports-fc/ratings?playerId=234856,ea-drop-api,ea-drop-api,FC26_20250921-carryover,fc27,2026-08-28T09:08:58.508Z,fortuna-sittard,Fortuna Sittard,ned,fc26-backfill,234856:BASE,BASE_LAUNCH
235005,Otar Kakabadze,Otar,Kakabadze,,1995-06-27,31,Georgia,Georgia,20,186,79,Cracovia,110747,PKO BP Ekstraklasa,,RB,"RB, RM",RM,Defense,Right,69,69,80,80,80,56,56,61,53,43,49,63,64,63,65,52,65,65,67,69,80,63,65,69,65,62,60,56,64,65,59,76,77,83,73,76,3,3,8,10,14,10,13,,,,,Whipped Pass,,Men's Football,0,ea-drop-api,235005,https://www.ea.com/games/ea-sports-fc/ratings?playerId=235005,ea-drop-api,ea-drop-api,FC26_20250921-carryover,fc27,2026-08-28T09:08:58.508Z,cracovia,MKS Cracovia,pol,fc27,235005:BASE,BASE_LAUNCH
235218,Marcus Dinanga,Marcus,Dinanga,,1998-01-02,28,England,England,14,180,78,Bromley FC,112764,EFL League Two,,ST,"ST, LW",LW,Attack,Right,57,57,71,72,70,56,57,56,54,52,58,56,43,49,40,33,46,35,42,57,68,62,53,57,44,19,12,54,14,19,12,54,66,61,61,27,3,2,6,13,8,11,10,,,,,,,Men's Football,0,ea-drop-api,235218,https://www.ea.com/games/ea-sports-fc/ratings?playerId=235218,ea-drop-api,ea-drop-api,FC26_20250921-carryover,fc27,2026-08-28T09:08:58.508Z,bromley-fc,Bromley FC,eng-4,fc27,235218:BASE,BASE_LAUNCH
235442,Siyabonga Ngezana,Siyabonga,Ngezana,,1997-07-15,29,South Africa,South Africa,140,188,77,FCSB,100761,SUPERLIGA,,CB,CB,,Defense,Right,73,75,75,75,75,37,40,45,30,25,37,27,48,38,30,29,64,61,30,60,58,67,70,60,70,74,72,72,72,76,76,79,87,80,83,65,2,2,9,15,14,9,15,,,,,,,Men's Football,0,ea-drop-api,235442,https://www.ea.com/games/ea-sports-fc/ratings?playerId=235442,ea-drop-api,ea-drop-api,FC26_20250921-carryover,fc27,2026-08-28T09:08:58.508Z,fcsb,FCSB,rou,fc27,235442:BASE,BASE_LAUNCH
235634,Ghislain Konan,Ghislain,Konan,,1995-12-27,30,Ivory Coast,Côte d'Ivoire,108,176,71,Gil Vicente,1888,Liga Portugal,,LB,"LB, LM",LM,Defense,Left,72,72,79,82,77,51,45,63,51,58,41,69,66,68,68,32,69,66,72,70,73,82,69,68,73,68,69,56,68,70,68,74,70,81,72,69,3,3,8,5,5,11,8,,,,,,,Men's Football,0,ea-drop-api,235634,https://www.ea.com/games/ea-sports-fc/ratings?playerId=235634,ea-drop-api,ea-drop-api,FC26_20250921-carryover,fc27,2026-08-28T09:08:58.508Z,gil-vicente,Gil Vicente FC,por,fc27,235634:BASE,BASE_LAUNCH
235808,Jacob Bedeau,Jacob,Bedeau,,1999-12-24,26,Grenada,Grenada,77,182,78,Notts County,1937,EFL League Two,,CB,CB,,Defense,Left,64,68,74,75,73,36,36,48,24,28,37,41,47,36,44,28,58,50,34,55,71,61,62,51,52,63,61,62,63,63,63,75,88,80,76,61,3,2,10,6,7,14,8,,,,,Block,,Men's Football,0,ea-drop-api,235808,https://www.ea.com/games/ea-sports-fc/ratings?playerId=235808,ea-drop-api,ea-drop-api,FC26_20250921-carryover,fc27,2026-08-28T09:08:58.508Z,notts-county,Notts County,eng-4,fc27,235808:BASE,BASE_LAUNCH
235962,Nichelle Prince,Nichelle,Prince,,1995-02-19,31,Canada,Canada,70,163,65,KC Current,116309,NWSL,,ST,"ST, CM, CAM","CM, CAM",Attack,Right,78,,83,83,83,74,78,72,68,68,72,83,72,73,74,59,77,64,69,80,82,75,83,81,70,40,31,72,38,39,37,69,86,80,75,35,3,3,9,7,17,8,14,,,,,,,Women's Football,1,ea-drop-api,235962,https://www.ea.com/games/ea-sports-fc/ratings?playerId=235962,ea-drop-api,ea-drop-api,,fc27,2026-08-28T09:08:58.508Z,,,,,235962:BASE,BASE_LAUNCH
236298,Eduard Atuesta,Eduard,Atuesta,,1997-06-18,29,Colombia,Colombia,56,180,71,Orlando City,112606,MLS,,CM,"CM, CDM",CDM,Midfielder,Right,74,74,65,69,61,57,53,70,55,46,57,67,75,76,65,73,80,76,76,76,75,80,76,75,76,66,70,49,66,70,63,71,64,79,69,69,4,3,15,12,12,12,13,,,,,Technical,,Men's Football,0,ea-drop-api,236298,https://www.ea.com/games/ea-sports-fc/ratings?playerId=236298,ea-drop-api,ea-drop-api,FC26_20250921-carryover,fc27,2026-08-28T09:08:58.508Z,orlando-city-sc,Orlando City SC,mls,fc27,236298:BASE,BASE_LAUNCH
236457,Dimitris Giannoulis,Dimitris,Giannoulis,,1995-10-17,30,Greece,Greece,22,175,71,FC Augsburg,100409,Bundesliga,,LB,"LB, LM",LM,Defense,Left,76,76,83,79,86,55,48,68,56,59,39,73,69,71,72,40,72,66,69,73,77,75,73,72,65,70,80,49,72,67,73,67,64,90,56,66,2,3,14,5,13,9,12,,,,,,,Men's Football,0,ea-drop-api,236457,https://www.ea.com/games/ea-sports-fc/ratings?playerId=236457,ea-drop-api,ea-drop-api,FC26_20250921-carryover,fc27,2026-08-28T09:08:58.508Z,augsburg,FC Augsburg,ger,fc27,236457:BASE,BASE_LAUNCH
236557,Omari Patrick,Omari,Patrick,,1996-05-24,30,England,England,14,185,76,Tranmere Rovers,15048,EFL League Two,,LM,"LM, LB, LW","LB, LW",Midfielder,Right,64,64,83,84,83,61,61,68,60,54,52,62,55,56,54,60,57,45,56,63,68,64,59,61,61,27,30,55,19,24,22,70,79,79,71,52,3,3,12,12,7,7,9,,,,,"Finesse Shot, Low Driven Shot, Intercept, Aerial Fortress, Technical",,Men's Football,0,ea-drop-api,236557,https://www.ea.com/games/ea-sports-fc/ratings?playerId=236557,ea-drop-api,ea-drop-api,FC26_20250921-carryover,fc27,2026-08-28T09:08:58.508Z,tranmere-rovers,Tranmere Rovers,eng-4,fc27,236557:BASE,BASE_LAUNCH
236675,Kilian Jakob,Kilian,Jakob,,1998-01-25,28,Germany,Germany,21,183,72,,,3. Liga,,LM,"LM, LB, RM","LB, RM",Midfielder,Left,66,66,80,77,83,47,43,54,49,40,43,58,61,59,66,39,66,60,47,65,69,66,61,68,49,58,59,59,59,57,58,66,72,75,63,63,3,2,14,7,14,6,8,,,,,,,Men's Football,0,ea-drop-api,236675,https://www.ea.com/games/ea-sports-fc/ratings?playerId=236675,ea-drop-api,ea-drop-api,FC26_20250921-carryover,fc27,2026-08-28T09:08:58.508Z,1860-munchen,1860 München,ger-3,fc26-backfill,236675:BASE,BASE_LAUNCH
236836,Orji Okwonkwo,Orji,Okwonkwo,,1998-01-19,28,Nigeria,Nigeria,133,173,72,,,Serie BKT,,ST,ST,,Attack,Right,67,67,90,91,90,68,68,74,65,64,60,64,59,59,60,58,63,49,66,68,82,71,62,65,60,42,30,55,45,48,23,66,76,72,61,66,3,3,7,13,7,12,15,,,,,Rapid,,Men's Football,0,ea-drop-api,236836,https://www.ea.com/games/ea-sports-fc/ratings?playerId=236836,ea-drop-api,ea-drop-api,FC26_20250921-carryover,fc27,2026-08-28T09:08:58.508Z,,,,,236836:BASE,BASE_LAUNCH
237055,Oleksandr Zubkov,Oleksandr,Zubkov,,1996-08-03,30,Ukraine,Ukraine,49,182,78,Trabzonspor,436,Trendyol Süper Lig,,RM,"RM, CAM, LM, RW","CAM, LM, RW",Midfielder,Left,78,78,84,80,87,74,74,80,72,72,65,76,74,79,75,68,73,70,78,78,67,68,75,78,72,30,34,56,21,28,24,65,73,70,66,53,4,4,11,9,10,9,5,,,,,"Inventive, Technical",,Men's Football,0,ea-drop-api,237055,https://www.ea.com/games/ea-sports-fc/ratings?playerId=237055,ea-drop-api,ea-drop-api,FC26_20250921-carryover,fc27,2026-08-28T09:08:58.508Z,trabzonspor,Trabzonspor,tur,fc27,237055:BASE,BASE_LAUNCH
237242,Felipe Román,Felipe,Román,,1995-10-05,30,Colombia,Colombia,56,183,80,Atl. Nacional,101100,Libertadores,,RB,"RB, RM",RM,Defense,Right,72,72,82,83,82,56,60,55,53,36,40,65,65,52,76,30,72,62,62,64,78,65,76,72,62,65,66,62,70,60,61,74,82,80,75,61,3,3,13,12,6,9,8,,,,,Rapid,,Men's Football,0,ea-drop-api,237242,https://www.ea.com/games/ea-sports-fc/ratings?playerId=237242,ea-drop-api,ea-drop-api,FC26_20250921-carryover,fc27,2026-08-28T09:08:58.508Z,,,,,237242:BASE,BASE_LAUNCH
237391,Manuel De Luca,Manuel,De Luca,,1998-07-17,28,Italy,Italy,27,192,82,Cremonese,111434,Serie A Enilive,,ST,ST,,Attack,Right,69,70,52,53,52,70,72,74,61,62,72,75,54,61,42,43,61,49,56,63,50,48,68,69,69,34,33,74,39,22,18,72,80,73,81,48,5,2,8,12,9,6,8,,,,,Press Proven,,Men's Football,0,ea-drop-api,237391,https://www.ea.com/games/ea-sports-fc/ratings?playerId=237391,ea-drop-api,ea-drop-api,FC26_20250921-carryover,fc27,2026-08-28T09:08:58.508Z,cremonese,Cremonese,ita-2,fc27,237391:BASE,BASE_LAUNCH
237626,Yvan Neyou,Yvan,Neyou,,1997-01-03,29,Cameroon,Cameroon,103,180,63,Getafe CF,1860,LALIGA EA SPORTS,,CM,"CM, CDM",CDM,Midfielder,Right,75,75,62,56,67,63,64,64,60,55,67,75,71,72,67,45,78,73,60,77,70,73,72,78,75,74,75,66,75,74,72,72,67,78,64,85,3,2,15,7,10,8,14,,,,,Press Proven,,Men's Football,0,ea-drop-api,237626,https://www.ea.com/games/ea-sports-fc/ratings?playerId=237626,ea-drop-api,ea-drop-api,FC26_20250921-carryover,fc27,2026-08-28T09:08:58.508Z,getafe,Getafe CF,esp,fc27,237626:BASE,BASE_LAUNCH
237819,Nicolás Domínguez,Nicolás,Domínguez,,1998-06-28,28,Argentina,Argentina,52,179,73,Nott'm Forest,14,Premier League,,CDM,"CDM, CM",CM,Midfielder,Right,79,80,69,72,67,65,63,72,67,52,51,66,72,73,60,52,80,77,69,76,82,80,75,77,70,76,78,68,72,80,77,77,74,89,67,88,4,3,6,11,9,10,5,,,,,"Slide Tackle, Relentless",,Men's Football,0,ea-drop-api,237819,https://www.ea.com/games/ea-sports-fc/ratings?playerId=237819,ea-drop-api,ea-drop-api,FC26_20250921-carryover,fc27,2026-08-28T09:08:58.508Z,nottingham-forest,Nottingham Forest,eng,fc27,237819:BASE,BASE_LAUNCH
238043,Abdulrahman Al Obud,Abdulrahman,Al Obud,,1995-06-01,31,Saudi Arabia,Saudi Arabia,183,174,70,Al Ittihad,607,ROSHN Saudi League,,RM,"RM, LM, RW","LM, RW",Midfielder,Right,70,70,88,89,88,63,68,65,55,52,44,68,59,63,59,37,62,57,56,72,83,73,62,70,58,45,47,48,52,38,37,59,70,65,60,45,2,3,8,5,12,14,14,,,,,"Rapid, Quick Step",,Men's Football,0,ea-drop-api,238043,https://www.ea.com/games/ea-sports-fc/ratings?playerId=238043,ea-drop-api,ea-drop-api,FC26_20250921-carryover,fc27,2026-08-28T09:08:58.508Z,al-ittihad,Al Ittihad,sau,fc27,238043:BASE,BASE_LAUNCH
238191,Charlie Brown,Charlie,Brown,,1999-09-23,26,England,England,14,175,69,Accrington,110313,EFL League Two,,RM,"RM, ST, RW","ST, RW",Midfielder,Left,60,63,81,82,81,55,56,53,56,46,55,57,52,56,56,40,55,43,42,61,78,81,54,57,55,31,23,60,28,31,22,60,76,62,61,50,3,3,12,7,7,9,9,,,,,,,Men's Football,0,ea-drop-api,238191,https://www.ea.com/games/ea-sports-fc/ratings?playerId=238191,ea-drop-api,ea-drop-api,FC26_20250921-carryover,fc27,2026-08-28T09:08:58.508Z,accrington,Accrington,eng-4,fc27,238191:BASE,BASE_LAUNCH
238370,Marin Pongračić,Marin,Pongračić,,1997-09-11,28,Croatia,Croatia,10,193,85,Fiorentina,110374,Serie A Enilive,,CB,CB,,Defense,Right,74,76,61,56,65,26,21,40,22,25,30,28,52,54,27,25,67,63,34,62,62,52,71,64,69,74,71,76,73,77,73,76,83,63,82,76,3,2,6,6,14,8,5,,,,,"Long Ball Pass, Intercept",,Men's Football,0,ea-drop-api,238370,https://www.ea.com/games/ea-sports-fc/ratings?playerId=238370,ea-drop-api,ea-drop-api,FC26_20250921-carryover,fc27,2026-08-28T09:08:58.508Z,fiorentina,ACF Fiorentina,ita,fc27,238370:BASE,BASE_LAUNCH
238581,Ruben Vargas,Ruben,Vargas,,1998-08-05,28,Switzerland,Switzerland,47,177,70,Sevilla FC,481,LALIGA EA SPORTS,,LM,"LM, CAM, RM, LW","CAM, RM, LW",Midfielder,Right,75,75,84,83,84,70,68,72,74,62,60,72,69,69,67,62,72,69,59,78,91,88,73,75,63,54,48,66,59,51,45,64,77,79,62,49,4,4,12,7,5,6,11,,,,,Technical,,Men's Football,0,ea-drop-api,238581,https://www.ea.com/games/ea-sports-fc/ratings?playerId=238581,ea-drop-api,ea-drop-api,FC26_20250921-carryover,fc27,2026-08-28T09:08:58.508Z,sevilla,Sevilla FC,esp,fc27,238581:BASE,BASE_LAUNCH
238779,Jesper Verlaat,Jesper,Verlaat,,1996-06-04,30,Netherlands,Holland,34,192,87,,,3. Liga,,CB,CB,,Defense,Right,68,68,51,52,50,32,34,41,17,35,35,29,44,39,29,27,58,52,25,53,55,54,64,57,57,67,65,69,65,69,65,81,70,71,91,70,3,2,12,8,12,9,10,,,,,"Long Ball Pass, Jockey, Block, Intercept, Aerial Fortress",,Men's Football,0,ea-drop-api,238779,https://www.ea.com/games/ea-sports-fc/ratings?playerId=238779,ea-drop-api,ea-drop-api,FC26_20250921-carryover,fc27,2026-08-28T09:08:58.508Z,1860-munchen,1860 München,ger-3,fc26-backfill,238779:BASE,BASE_LAUNCH
239019,James Delianov,James,Delianov,,1999-10-20,26,Australia,Australia,195,188,87,Newcastle Jets,111398,A-League,,GK,GK,,Defense,Right,58,62,58,28,34,57,7,44,5,5,22,6,59,31,14,12,31,30,10,58,32,33,58,20,39,30,6,11,7,12,13,55,53,30,63,39,3,1,58,57,59,55,58,,,,,,,Men's Football,0,ea-drop-api,239019,https://www.ea.com/games/ea-sports-fc/ratings?playerId=239019,ea-drop-api,ea-drop-api,FC26_20250921-carryover,fc27,2026-08-28T09:08:58.508Z,newcastle-jets,Newcastle Jets,aus,fc27,239019:BASE,BASE_LAUNCH
239250,Abel Ruiz,Abel,Ruiz Ortega,Abel Ruiz,2000-01-28,26,Spain,Spain,45,180,75,Girona FC,110062,LALIGA EA SPORTS,,ST,ST,,Attack,Right,73,76,74,71,77,72,70,77,72,72,73,72,69,76,60,56,75,67,60,74,74,72,76,74,70,39,24,70,45,38,20,71,78,79,73,55,3,4,6,10,10,10,8,,,,,,,Men's Football,0,ea-drop-api,239250,https://www.ea.com/games/ea-sports-fc/ratings?playerId=239250,ea-drop-api,ea-drop-api,FC26_20250921-carryover,fc27,2026-08-28T09:08:58.508Z,girona,Girona FC,esp,fc27,239250:BASE,BASE_LAUNCH
239418,Lion Lauberbach,Lion,Lauberbach,,1998-02-15,28,Germany,Germany,21,194,85,KV Mechelen,110724,1A Pro League,,ST,ST,,Attack,Right,71,71,77,69,84,67,70,74,57,63,52,71,59,59,59,45,66,48,53,69,65,57,69,70,67,40,27,68,41,43,25,78,81,76,84,65,4,3,13,14,9,5,6,,,,,Finesse Shot,,Men's Football,0,ea-drop-api,239418,https://www.ea.com/games/ea-sports-fc/ratings?playerId=239418,ea-drop-api,ea-drop-api,FC26_20250921-carryover,fc27,2026-08-28T09:08:58.508Z,mechelen,KV Mechelen,bel,fc27,239418:BASE,BASE_LAUNCH
239614,Areso,Jesús,Areso Blanco,Areso,1999-07-02,27,Spain,Spain,45,182,81,Athletic Club,448,LALIGA EA SPORTS,,RB,"RB, RM",RM,Defense,Right,76,79,76,77,76,46,40,58,50,35,36,65,70,65,77,31,75,67,73,72,78,67,74,76,65,71,69,68,70,75,73,73,79,82,71,64,2,2,7,10,13,12,14,,,,,Slide Tackle,,Men's Football,0,ea-drop-api,239614,https://www.ea.com/games/ea-sports-fc/ratings?playerId=239614,ea-drop-api,ea-drop-api,FC26_20250921-carryover,fc27,2026-08-28T09:08:58.508Z,athletic-bilbao,Athletic Bilbao,esp,fc27,239614:BASE,BASE_LAUNCH
239772,Jakub Stolarczyk,Jakub,Stolarczyk,,2000-12-19,25,Poland,Poland,37,194,89,Leicester City,95,EFL Championship,,GK,GK,,Defense,Right,70,74,72,31,43,69,5,52,6,9,10,8,69,32,14,13,26,31,10,73,29,42,57,12,35,36,9,13,12,13,13,70,63,40,73,18,2,1,72,69,69,70,73,,,,,,,Men's Football,0,ea-drop-api,239772,https://www.ea.com/games/ea-sports-fc/ratings?playerId=239772,ea-drop-api,ea-drop-api,FC26_20250921-carryover,fc27,2026-08-28T09:08:58.508Z,leicester-city,Leicester City,eng,fc27,239772:BASE,BASE_LAUNCH
239936,Nicolás Guerra,Nicolás,Guerra,,1999-01-09,27,Chile,Chile,55,174,79,,,Libertadores,,ST,ST,,Attack,Right,68,70,69,68,69,67,70,68,63,57,60,71,54,62,32,53,63,56,34,68,70,77,65,67,63,22,18,66,15,20,17,67,72,65,69,65,3,3,10,10,8,14,14,,,,,,,Men's Football,0,ea-drop-api,239936,https://www.ea.com/games/ea-sports-fc/ratings?playerId=239936,ea-drop-api,ea-drop-api,FC26_20250921-carryover,fc27,2026-08-28T09:08:58.508Z,,,,,239936:BASE,BASE_LAUNCH
240117,Maren Haile-Selassie,Maren,Haile-Selassie,,1999-03-13,27,Switzerland,Switzerland,47,176,72,Chicago Fire FC,693,MLS,,RM,"RM, LM, ST, RW","LM, ST, RW",Midfielder,Right,66,67,82,82,82,59,62,62,58,35,42,63,59,56,60,51,62,61,55,68,89,81,61,65,60,42,39,56,45,38,35,62,74,70,62,51,2,4,7,12,13,7,7,,,,,,,Men's Football,0,ea-drop-api,240117,https://www.ea.com/games/ea-sports-fc/ratings?playerId=240117,ea-drop-api,ea-drop-api,FC26_20250921-carryover,fc27,2026-08-28T09:08:58.508Z,chicago-fire,Chicago Fire,mls,fc27,240117:BASE,BASE_LAUNCH
240317,Žan Celar,Žan,Celar,,1999-03-14,27,Slovenia,Slovenia,44,186,82,Düsseldorf,110636,Bundesliga 2,,ST,ST,,Attack,Right,69,72,74,76,73,69,70,73,67,58,70,70,57,55,53,48,62,57,61,67,70,65,65,67,66,27,23,70,24,21,22,75,83,74,77,67,3,3,9,8,9,12,10,,,,,Finesse Shot,,Men's Football,0,ea-drop-api,240317,https://www.ea.com/games/ea-sports-fc/ratings?playerId=240317,ea-drop-api,ea-drop-api,FC26_20250921-carryover,fc27,2026-08-28T09:08:58.508Z,dusseldorf,Düsseldorf,ger-2,fc27,240317:BASE,BASE_LAUNCH
240500,Luke Woolfenden,Luke,Woolfenden,,1998-10-21,27,England,England,14,193,80,Coventry City,1800,EFL Championship,,CB,CB,,Defense,Right,73,75,65,67,64,35,30,44,28,27,45,63,62,65,52,33,70,67,39,63,48,59,70,69,73,72,72,71,72,73,72,77,84,66,85,70,3,2,9,11,6,6,10,,,,,Anticipate,,Men's Football,0,ea-drop-api,240500,https://www.ea.com/games/ea-sports-fc/ratings?playerId=240500,ea-drop-api,ea-drop-api,FC26_20250921-carryover,fc27,2026-08-28T09:08:58.508Z,coventry-city,Coventry City,eng-2,fc27,240500:BASE,BASE_LAUNCH
240663,Miguel Ángel Merentiel,Miguel Ángel,Merentiel,,1996-02-24,30,Uruguay,Uruguay,60,175,70,Boca Juniors,1877,LPF,,ST,"ST, RW, RM","RW, RM",Attack,Right,76,76,80,80,80,75,79,75,69,67,64,79,56,64,26,59,73,51,46,73,72,77,77,73,75,37,20,71,44,34,22,79,81,81,83,68,3,3,8,14,11,9,5,,,,,"Power Shot, First Touch, Quick Step",,Men's Football,0,ea-drop-api,240663,https://www.ea.com/games/ea-sports-fc/ratings?playerId=240663,ea-drop-api,ea-drop-api,FC26_20250921-carryover,fc27,2026-08-28T09:08:58.508Z,boca-juniors,Boca Juniors,arg,fc27,240663:BASE,BASE_LAUNCH
240797,Mattéo Tramoni,Mattéo,Tramoni,,2000-01-20,26,France,France,18,175,72,Pisa,110738,Serie A Enilive,,CAM,"CAM, CM",CM,Midfielder,Right,74,77,89,90,88,70,70,72,69,58,68,70,70,72,64,65,74,70,65,77,92,84,70,74,74,53,50,60,46,58,54,65,76,80,59,58,3,3,11,11,9,10,5,,,,,"Finesse Shot, Rapid, First Touch, Quick Step",,Men's Football,0,ea-drop-api,240797,https://www.ea.com/games/ea-sports-fc/ratings?playerId=240797,ea-drop-api,ea-drop-api,FC26_20250921-carryover,fc27,2026-08-28T09:08:58.508Z,pisa,Pisa,ita-2,fc27,240797:BASE,BASE_LAUNCH
240941,Lenny Pintor,Lenny,Pintor,,2000-08-05,26,France,France,18,179,66,LASK,252,Ö. Bundesliga,,LM,"LM, RM, LW","RM, LW",Midfielder,Right,66,69,81,85,78,64,64,67,62,60,59,64,58,56,60,49,62,53,51,69,80,76,49,68,55,27,19,59,24,28,18,56,75,58,61,34,3,3,11,11,10,7,7,,,,,"Rapid, Quick Step",,Men's Football,0,ea-drop-api,240941,https://www.ea.com/games/ea-sports-fc/ratings?playerId=240941,ea-drop-api,ea-drop-api,FC26_20250921-carryover,fc27,2026-08-28T09:08:58.508Z,lask,LASK,aut,fc27,240941:BASE,BASE_LAUNCH
241052,Kacper Chorążka,Kacper,Chorążka,,1999-03-18,27,Poland,Poland,37,189,76,Bohemians,305,SSE Airtricity PD,,GK,GK,,Defense,Right,62,66,64,33,15,61,9,43,6,5,15,4,57,53,11,11,29,24,14,62,33,33,53,18,47,26,7,13,8,12,13,60,49,16,50,26,2,1,64,61,57,60,62,,,,,Cross Claimer,,Men's Football,0,ea-drop-api,241052,https://www.ea.com/games/ea-sports-fc/ratings?playerId=241052,ea-drop-api,ea-drop-api,FC26_20250921-carryover,fc27,2026-08-28T09:08:58.508Z,bohemians,Bohemian FC,irl,fc27,241052:BASE,BASE_LAUNCH
241238,Jessy Deminguet,Jessy,Deminguet,,1998-01-07,28,France,France,18,178,74,FC Metz,68,Ligue 1 McDonald's,,CM,"CM, CDM",CDM,Midfielder,Left,72,73,70,68,72,63,63,66,57,59,66,68,72,73,67,71,75,70,69,74,80,78,69,74,63,64,65,62,63,66,61,73,71,88,68,68,3,3,11,13,11,11,11,,,,,,,Men's Football,0,ea-drop-api,241238,https://www.ea.com/games/ea-sports-fc/ratings?playerId=241238,ea-drop-api,ea-drop-api,FC26_20250921-carryover,fc27,2026-08-28T09:08:58.508Z,fc-metz,FC Metz,fra-2,fc27,241238:BASE,BASE_LAUNCH
241461,Ferran Torres,Ferran,Torres García,Ferran Torres,2000-02-29,26,Spain,Spain,45,184,77,FC Barcelona,241,LALIGA EA SPORTS,,LW,"LW, RW, ST, LM","RW, ST, LM",Attack,Right,83,86,83,86,80,81,84,79,81,74,74,82,79,79,81,60,82,77,76,83,85,78,81,83,82,35,34,75,35,24,28,68,84,72,69,54,4,4,12,9,11,15,12,,,,,"Finesse Shot, Technical",,Men's Football,0,ea-drop-api,241461,https://www.ea.com/games/ea-sports-fc/ratings?playerId=241461,ea-drop-api,ea-drop-api,FC26_20250921-carryover,fc27,2026-08-28T09:08:58.508Z,barcelona,FC Barcelona,esp,fc27,241461:BASE,BASE_LAUNCH
241607,Tomás Belmonte,Tomás,Belmonte,,1998-05-27,28,Argentina,Argentina,52,178,68,Boca Juniors,1877,LPF,,CDM,"CDM, CM",CM,Midfielder,Right,74,77,68,67,69,65,67,69,59,59,59,71,66,64,59,43,73,71,53,71,68,66,74,72,72,71,74,81,70,69,67,81,89,81,81,80,3,3,6,12,9,5,12,,,,,"Intercept, Relentless",,Men's Football,0,ea-drop-api,241607,https://www.ea.com/games/ea-sports-fc/ratings?playerId=241607,ea-drop-api,ea-drop-api,FC26_20250921-carryover,fc27,2026-08-28T09:08:58.508Z,boca-juniors,Boca Juniors,arg,fc27,241607:BASE,BASE_LAUNCH
241783,Keaton Parks,Keaton,Parks,,1997-08-06,29,USA,United States,95,191,81,New York City FC,112828,MLS,,CDM,"CDM, CM",CM,Midfielder,Right,72,73,34,35,33,62,63,68,59,41,54,69,68,67,60,52,76,71,47,68,58,40,69,73,74,68,66,67,67,70,67,74,66,72,77,73,3,3,7,8,11,7,12,,,,,,,Men's Football,0,ea-drop-api,241783,https://www.ea.com/games/ea-sports-fc/ratings?playerId=241783,ea-drop-api,ea-drop-api,FC26_20250921-carryover,fc27,2026-08-28T09:08:58.508Z,new-york-city-fc,New York City FC,mls,fc27,241783:BASE,BASE_LAUNCH
241930,Federico Gattoni,Federico,Gattoni,,1999-02-16,27,Argentina,Argentina,52,183,75,River Plate,1876,LPF,,CB,CB,,Defense,Right,72,72,71,68,73,60,56,70,64,54,51,53,60,54,50,45,71,62,49,64,62,69,69,68,63,72,70,72,73,72,73,72,79,68,73,72,4,2,14,5,11,8,11,,,,,Slide Tackle,,Men's Football,0,ea-drop-api,241930,https://www.ea.com/games/ea-sports-fc/ratings?playerId=241930,ea-drop-api,ea-drop-api,FC26_20250921-carryover,fc27,2026-08-28T09:08:58.508Z,river-plate,River Plate,arg,fc27,241930:BASE,BASE_LAUNCH
242081,Agustín Almendra,Agustín,Almendra,,2000-02-11,26,Argentina,Argentina,52,182,80,Racing Club,101085,LPF,,CM,CM,,Midfielder,Right,73,78,68,69,68,67,63,72,77,51,52,65,69,75,49,58,75,76,68,71,70,71,70,77,68,67,64,60,62,74,69,72,73,75,73,67,2,3,14,10,13,6,9,,,,,,,Men's Football,0,ea-drop-api,242081,https://www.ea.com/games/ea-sports-fc/ratings?playerId=242081,ea-drop-api,ea-drop-api,FC26_20250921-carryover,fc27,2026-08-28T09:08:58.508Z,racing-club,Racing Club,arg,fc27,242081:BASE,BASE_LAUNCH
242238,Oumar Solet,Oumar,Solet,,2000-02-07,26,France,France,18,192,88,Udinese,55,Serie A Enilive,,CB,CB,,Defense,Right,78,83,79,70,86,43,35,64,39,33,42,59,62,66,31,34,79,76,35,68,60,51,75,72,70,77,78,70,80,78,74,85,82,85,88,77,4,2,12,14,10,14,15,,,,,"Long Ball Pass, Block",,Men's Football,0,ea-drop-api,242238,https://www.ea.com/games/ea-sports-fc/ratings?playerId=242238,ea-drop-api,ea-drop-api,FC26_20250921-carryover,fc27,2026-08-28T09:08:58.508Z,udinese,Udinese Calcio,ita,fc27,242238:BASE,BASE_LAUNCH
242366,Tom Sang,Tom,Sang,,1999-06-29,27,England,England,14,185,79,Shrewsbury,127,EFL League Two,,RB,"RB, CB, RM","CB, RM",Defense,Right,62,65,60,61,60,48,41,61,53,44,39,53,57,53,58,57,58,55,60,60,62,55,60,61,55,60,60,59,59,61,56,69,69,64,72,70,3,2,8,6,12,10,9,,,,,,,Men's Football,0,ea-drop-api,242366,https://www.ea.com/games/ea-sports-fc/ratings?playerId=242366,ea-drop-api,ea-drop-api,FC26_20250921-carryover,fc27,2026-08-28T09:08:58.508Z,shrewsbury,Shrewsbury,eng-3,fc27,242366:BASE,BASE_LAUNCH
242515,Wessam Abou Ali,Wessam Abou,Ali,,1999-01-04,27,Denmark,Denmark,13,186,78,Columbus Crew,687,MLS,,ST,"ST, RW",RW,Attack,Right,67,70,76,78,74,67,70,66,65,63,56,68,53,61,48,51,58,36,52,68,75,74,66,67,64,30,26,61,33,21,21,66,76,66,68,59,3,3,12,7,7,13,7,,,,,,,Men's Football,0,ea-drop-api,242515,https://www.ea.com/games/ea-sports-fc/ratings?playerId=242515,ea-drop-api,ea-drop-api,FC26_20250921-carryover,fc27,2026-08-28T09:08:58.508Z,columbus-crew,Columbus Crew,mls,fc27,242515:BASE,BASE_LAUNCH
242648,Alex Roldan,Alex,Roldan,,1996-07-28,30,El Salvador,El Salvador,76,178,70,Sounders FC,111144,MLS,,RB,"RB, RM, RW","RM, RW",Defense,Right,70,70,75,76,74,57,56,63,56,42,41,68,67,67,70,33,70,67,61,71,72,72,68,74,70,64,65,59,66,63,60,71,72,84,62,78,2,3,10,6,14,8,6,,,,,"Jockey, Anticipate",,Men's Football,0,ea-drop-api,242648,https://www.ea.com/games/ea-sports-fc/ratings?playerId=242648,ea-drop-api,ea-drop-api,FC26_20250921-carryover,fc27,2026-08-28T09:08:58.508Z,seattle-sounders-fc,Seattle Sounders FC,mls,fc27,242648:BASE,BASE_LAUNCH
242818,Finn Dahmen,Finn,Dahmen,,1998-03-27,28,Germany,Germany,21,188,80,FC Augsburg,100409,Bundesliga,,GK,GK,,Defense,Right,77,79,76,52,53,70,8,61,6,5,11,9,81,54,14,12,42,37,13,80,52,56,77,30,33,52,13,12,19,12,11,76,63,33,55,20,3,1,76,70,81,76,80,,,,,Footwork,,Men's Football,0,ea-drop-api,242818,https://www.ea.com/games/ea-sports-fc/ratings?playerId=242818,ea-drop-api,ea-drop-api,FC26_20250921-carryover,fc27,2026-08-28T09:08:58.508Z,augsburg,FC Augsburg,ger,fc27,242818:BASE,BASE_LAUNCH
243001,Alexandru Cicâldău,Alexandru,Cicâldău,,1997-07-08,29,Romania,Romania,39,178,76,Univ. Craiova,308,SUPERLIGA,,CAM,"CAM, CM",CM,Midfielder,Right,68,68,60,61,60,68,63,73,72,57,77,70,70,70,69,75,70,70,73,69,69,81,64,71,73,59,58,50,61,61,54,65,60,67,61,74,4,3,5,8,14,10,14,,,,,,,Men's Football,0,ea-drop-api,243001,https://www.ea.com/games/ea-sports-fc/ratings?playerId=243001,ea-drop-api,ea-drop-api,FC26_20250921-carryover,fc27,2026-08-28T09:08:58.508Z,universitatea-craiova,Universitatea Craiova,rou,fc27,243001:BASE,BASE_LAUNCH
243158,Leopold Wahlstedt,Leopold,Wahlstedt,,1999-07-04,27,Sweden,Sweden,46,190,84,AGF,271,3F Superliga,,GK,GK,,Defense,Right,65,68,66,32,32,63,10,47,9,10,15,10,63,42,12,10,26,29,12,65,28,30,58,12,30,32,12,14,16,12,12,63,58,28,65,22,2,1,66,63,63,63,65,,,,,Footwork,,Men's Football,0,ea-drop-api,243158,https://www.ea.com/games/ea-sports-fc/ratings?playerId=243158,ea-drop-api,ea-drop-api,FC26_20250921-carryover,fc27,2026-08-28T09:08:58.508Z,aarhus-gf,Aarhus GF,den,fc27,243158:BASE,BASE_LAUNCH
243293,Yannick Leliendal,Yannick,Leliendal,,2002-04-23,24,Suriname,Suriname,92,169,68,,,Eredivisie,,LB,"LB, LM",LM,Defense,Left,67,76,73,77,69,45,38,52,58,29,46,45,58,55,66,36,59,58,54,64,68,82,65,63,62,61,62,51,62,63,64,55,58,74,45,57,3,3,9,14,5,11,11,,,,,,,Men's Football,0,ea-drop-api,243293,https://www.ea.com/games/ea-sports-fc/ratings?playerId=243293,ea-drop-api,ea-drop-api,FC26_20250921-carryover,fc27,2026-08-28T09:08:58.508Z,,,,,243293:BASE,BASE_LAUNCH
243459,Tom Barlow,Tom,Barlow,,1995-07-08,31,USA,United States,95,188,84,Chicago Fire FC,693,MLS,,ST,"ST, CAM, CM","CAM, CM",Attack,Right,61,61,76,75,76,59,62,64,51,47,58,59,48,54,40,39,51,48,44,54,65,65,60,52,56,35,36,71,20,37,36,77,85,73,75,83,3,2,9,12,13,11,8,,,,,Enforcer,,Men's Football,0,ea-drop-api,243459,https://www.ea.com/games/ea-sports-fc/ratings?playerId=243459,ea-drop-api,ea-drop-api,FC26_20250921-carryover,fc27,2026-08-28T09:08:58.508Z,chicago-fire,Chicago Fire,mls,fc27,243459:BASE,BASE_LAUNCH
243580,Loïs Openda,Loïs,Openda,,2000-02-16,26,Belgium,Belgium,7,175,79,Juventus,45,Serie A Enilive,,ST,ST,,Attack,Right,83,85,95,94,96,81,84,85,74,77,74,83,69,69,69,53,75,59,66,81,83,85,84,81,80,31,26,79,29,23,19,80,93,83,80,74,4,3,9,8,10,8,13,,,,,"Finesse Shot, Acrobatic, Low Driven Shot, Rapid, Quick Step",,Men's Football,0,ea-drop-api,243580,https://www.ea.com/games/ea-sports-fc/ratings?playerId=243580,ea-drop-api,ea-drop-api,FC26_20250921-carryover,fc27,2026-08-28T09:08:58.508Z,juventus,Juventus,ita,fc27,243580:BASE,BASE_LAUNCH
243684,Williams Alarcón,Williams,Alarcón,,2000-11-29,25,Chile,Chile,55,176,70,Boca Juniors,1877,LPF,,CM,"CM, CDM, LM, LW","CDM, LM, LW",Midfielder,Right,71,78,69,70,68,63,65,68,65,36,51,62,70,68,67,76,73,70,62,71,73,70,69,72,67,67,67,48,67,73,67,76,67,83,75,72,3,2,14,11,12,14,7,,,,,,,Men's Football,0,ea-drop-api,243684,https://www.ea.com/games/ea-sports-fc/ratings?playerId=243684,ea-drop-api,ea-drop-api,FC26_20250921-carryover,fc27,2026-08-28T09:08:58.508Z,boca-juniors,Boca Juniors,arg,fc27,243684:BASE,BASE_LAUNCH
243830,Mailson,Mailson,Tenório dos Santos,Mailson,1996-08-20,30,Brazil,Brazil,54,200,85,Al Taawoun,112393,ROSHN Saudi League,,GK,GK,,Defense,Right,74,76,74,37,32,75,10,55,8,8,16,10,73,53,15,15,39,35,15,73,41,30,69,12,30,35,10,13,15,13,14,74,61,27,80,25,2,1,74,75,73,74,73,,,,,"Far Throw, Footwork, Cross Claimer",,Men's Football,0,ea-drop-api,243830,https://www.ea.com/games/ea-sports-fc/ratings?playerId=243830,ea-drop-api,ea-drop-api,FC26_20250921-carryover,fc27,2026-08-28T09:08:58.508Z,al-taawoun-fc,Al Taawoun FC,sau,fc27,243830:BASE,BASE_LAUNCH
243923,Logan Costa,Logan,Costa,,2001-04-01,25,Cabo Verde,Cape Verde Islands,104,190,85,Villarreal CF,483,LALIGA EA SPORTS,,CB,CB,,Defense,Right,77,84,60,59,60,40,38,59,33,27,39,28,59,40,55,31,75,68,48,67,56,55,74,70,75,77,75,79,77,78,77,78,82,75,79,77,3,2,6,12,13,7,7,,,,,Long Ball Pass,,Men's Football,0,ea-drop-api,243923,https://www.ea.com/games/ea-sports-fc/ratings?playerId=243923,ea-drop-api,ea-drop-api,FC26_20250921-carryover,fc27,2026-08-28T09:08:58.508Z,villarreal,Villarreal CF,esp,fc27,243923:BASE,BASE_LAUNCH
244079,Besfort Kolgeci,Besfort,Kolgeci,,1998-01-05,28,Kosovo,Kosovo,219,188,77,TSV Havelse,110678,3. Liga,,CB,CB,,Defense,Left,63,64,57,61,53,57,58,61,56,48,68,29,54,43,53,60,59,56,56,46,56,51,61,56,44,64,66,62,65,64,59,71,69,79,69,64,3,2,7,7,10,10,10,,,,,Dead Ball,,Men's Football,0,ea-drop-api,244079,https://www.ea.com/games/ea-sports-fc/ratings?playerId=244079,ea-drop-api,ea-drop-api,FC26_20250921-carryover,fc27,2026-08-28T09:08:58.508Z,,,,,244079:BASE,BASE_LAUNCH
244224,Fredrik Hammar,Fredrik,Hammar,,2001-02-26,25,Sweden,Sweden,46,175,70,KV Mechelen,110724,1A Pro League,,CDM,"CDM, CM, CB","CM, CB",Midfielder,Right,68,75,63,67,60,57,59,54,58,49,49,63,60,61,51,45,66,65,52,65,69,73,67,65,64,64,64,54,65,66,64,73,66,77,69,81,3,2,9,12,9,12,13,,,,,,,Men's Football,0,ea-drop-api,244224,https://www.ea.com/games/ea-sports-fc/ratings?playerId=244224,ea-drop-api,ea-drop-api,FC26_20250921-carryover,fc27,2026-08-28T09:08:58.508Z,mechelen,KV Mechelen,bel,fc27,244224:BASE,BASE_LAUNCH
244349,Johan Vásquez,Johan,Vásquez,,1998-10-22,27,Mexico,Mexico,83,185,72,Genoa,110556,Serie A Enilive,,CB,CB,,Defense,Left,75,78,61,59,62,33,32,38,25,29,45,40,58,47,62,40,65,60,40,60,51,64,76,68,69,76,76,76,76,76,76,75,76,80,67,86,2,2,9,12,7,12,10,,,,,"Block, Intercept, Aerial Fortress",,Men's Football,0,ea-drop-api,244349,https://www.ea.com/games/ea-sports-fc/ratings?playerId=244349,ea-drop-api,ea-drop-api,FC26_20250921-carryover,fc27,2026-08-28T09:08:58.508Z,genoa,Genoa CFC,ita,fc27,244349:BASE,BASE_LAUNCH
244517,Elvis Sarić,Elvis,Sarić,,1990-07-21,36,Bosnia and Herzegovina,Bosnia and Herzegovina,8,181,72,Qingdao Hainiu,131173,CSL,,CM,"CM, CDM",CDM,Midfielder,Left,71,71,64,66,63,63,59,68,67,58,58,63,71,72,67,65,73,72,67,70,71,74,70,74,72,63,67,57,59,69,57,75,70,87,73,64,3,3,10,9,6,14,6,,,,,"Dead Ball, Gamechanger, Incisive Pass, Pinged Pass, Inventive, Jockey, Press Proven",,Men's Football,0,ea-drop-api,244517,https://www.ea.com/games/ea-sports-fc/ratings?playerId=244517,ea-drop-api,ea-drop-api,FC26_20250921-carryover,fc27,2026-08-28T09:08:58.508Z,,,,,244517:BASE,BASE_LAUNCH
244723,Felipe Silva,Felipe,de Sousa Silva,Felipe Silva,1992-04-03,34,Brazil,Brazil,54,193,90,Chengdu FC,116360,CSL,,ST,ST,,Attack,Left,73,73,76,76,76,72,74,76,65,73,67,74,60,65,44,58,66,57,65,68,63,62,68,72,68,28,23,76,19,26,18,85,94,81,90,76,4,3,8,11,10,12,7,,,,,"Precision Header, Aerial Fortress, Press Proven, Bruiser, Enforcer",,Men's Football,0,ea-drop-api,244723,https://www.ea.com/games/ea-sports-fc/ratings?playerId=244723,ea-drop-api,ea-drop-api,FC26_20250921-carryover,fc27,2026-08-28T09:08:58.508Z,,,,,244723:BASE,BASE_LAUNCH
244871,Joel Randall,Joel,Randall,,1999-10-29,26,England,England,14,177,66,Bolton,4,EFL League One,,CAM,"CAM, CM",CM,Midfielder,Right,67,72,80,83,77,62,65,62,60,52,56,66,64,66,65,51,66,63,58,68,80,78,64,65,65,33,30,43,36,32,25,50,55,73,46,32,3,3,9,8,8,15,12,,,,,,,Men's Football,0,ea-drop-api,244871,https://www.ea.com/games/ea-sports-fc/ratings?playerId=244871,ea-drop-api,ea-drop-api,FC26_20250921-carryover,fc27,2026-08-28T09:08:58.508Z,bolton,Bolton,eng-3,fc27,244871:BASE,BASE_LAUNCH
245041,Zhu Chenjie,Chenjie,Zhu,Zhu Chenjie,2000-08-23,26,China PR,China PR,155,185,78,Shanghai Shenhua,110955,CSL,,CB,CB,,Defense,Right,70,75,80,81,80,41,34,57,37,32,50,50,47,45,35,28,55,54,40,60,76,78,65,60,66,68,64,74,65,72,66,83,94,79,88,72,2,2,8,10,5,14,8,,,,,"Long Ball Pass, Block, Bruiser",,Men's Football,0,ea-drop-api,245041,https://www.ea.com/games/ea-sports-fc/ratings?playerId=245041,ea-drop-api,ea-drop-api,FC26_20250921-carryover,fc27,2026-08-28T09:08:58.508Z,,,,,245041:BASE,BASE_LAUNCH
245233,Michael Steinwender,Michael,Steinwender,,2000-05-04,26,Austria,Austria,4,190,77,Hearts,80,Scottish Prem,,CB,CB,,Defense,Right,67,73,39,41,38,30,25,39,30,37,35,22,44,31,35,27,56,49,41,41,39,57,64,44,61,67,65,70,67,69,66,75,72,66,83,68,3,2,6,11,8,13,12,,,,,,,Men's Football,0,ea-drop-api,245233,https://www.ea.com/games/ea-sports-fc/ratings?playerId=245233,ea-drop-api,ea-drop-api,FC26_20250921-carryover,fc27,2026-08-28T09:08:58.508Z,hearts,Heart of Midlothian,sco,fc27,245233:BASE,BASE_LAUNCH
245371,Thiago Almada,Thiago,Almada,,2001-04-26,25,Argentina,Argentina,52,171,62,Atlético de Madrid,240,LALIGA EA SPORTS,,CAM,"CAM, CM",CM,Midfielder,Right,79,86,79,86,74,74,70,78,76,73,75,76,79,81,74,83,80,74,85,83,92,93,74,83,80,51,58,39,44,57,51,58,53,69,50,64,4,4,12,8,9,8,10,,,,,"Finesse Shot, Incisive Pass, First Touch, Quick Step",,Men's Football,0,ea-drop-api,245371,https://www.ea.com/games/ea-sports-fc/ratings?playerId=245371,ea-drop-api,ea-drop-api,FC26_20250921-carryover,fc27,2026-08-28T09:08:58.508Z,atletico-madrid,Atlético Madrid,esp,fc27,245371:BASE,BASE_LAUNCH
245560,Michael Venturi,Michael,Venturi,,1999-01-23,27,Italy,Italy,27,193,80,Venezia,205,Serie BKT,,CB,CB,,Defense,Right,67,71,51,58,46,48,48,59,39,40,53,51,60,54,50,43,74,59,47,61,57,50,62,63,61,70,66,65,72,73,69,56,67,32,64,61,3,2,8,8,14,14,8,,,,,,,Men's Football,0,ea-drop-api,245560,https://www.ea.com/games/ea-sports-fc/ratings?playerId=245560,ea-drop-api,ea-drop-api,FC26_20250921-carryover,fc27,2026-08-28T09:08:58.508Z,venezia,Venezia FC,ita,fc27,245560:BASE,BASE_LAUNCH
245762,Ahmed Kutucu,Ahmed,Kutucu,,2000-03-01,26,Turkey,Turkey,48,181,76,Galatasaray,325,Trendyol Süper Lig,,LM,"LM, ST, LW","ST, LW",Midfielder,Right,69,72,77,79,75,74,74,78,75,67,62,72,63,64,58,66,67,59,64,69,72,68,67,69,63,42,30,64,35,45,53,70,79,68,71,70,4,3,11,9,9,14,14,,,,,,,Men's Football,0,ea-drop-api,245762,https://www.ea.com/games/ea-sports-fc/ratings?playerId=245762,ea-drop-api,ea-drop-api,FC26_20250921-carryover,fc27,2026-08-28T09:08:58.508Z,galatasaray,Galatasaray SK,tur,fc27,245762:BASE,BASE_LAUNCH
245900,Luis Binks,Luis,Binks,,2001-09-02,24,England,England,14,188,86,Brøndby IF,269,3F Superliga,,CB,CB,,Defense,Left,68,74,54,52,55,34,30,45,29,28,48,43,54,52,40,33,64,66,41,60,50,55,64,63,65,66,67,70,65,66,65,74,73,66,76,77,3,2,5,6,10,10,6,,,,,,,Men's Football,0,ea-drop-api,245900,https://www.ea.com/games/ea-sports-fc/ratings?playerId=245900,ea-drop-api,ea-drop-api,FC26_20250921-carryover,fc27,2026-08-28T09:08:58.508Z,brondby,Brøndby IF,den,fc27,245900:BASE,BASE_LAUNCH
246068,Alexis Ribera,Alexis,Ribera,,1995-08-15,31,Bolivia,Bolivia,53,175,71,,,Sudamericana,,RM,"RM, CM, RW","CM, RW",Midfielder,Right,63,63,77,75,78,57,52,60,65,55,65,58,60,64,60,59,59,61,52,63,71,50,60,62,60,57,50,55,55,63,60,48,60,61,47,30,3,3,11,9,14,13,11,,,,,,,Men's Football,0,ea-drop-api,246068,https://www.ea.com/games/ea-sports-fc/ratings?playerId=246068,ea-drop-api,ea-drop-api,FC26_20250921-carryover,fc27,2026-08-28T09:08:58.508Z,,,,,246068:BASE,BASE_LAUNCH
246173,Haji Mnoga,Haji,Mnoga,,2002-04-16,24,Tanzania,Tanzania,143,185,78,Salford City,113926,EFL League Two,,RB,"RB, CB",CB,Defense,Right,59,64,79,80,79,34,29,45,32,31,30,49,47,48,52,27,50,42,33,54,68,60,53,50,48,53,53,54,55,52,53,78,79,73,79,79,3,2,9,12,9,11,9,,,,,Slide Tackle,,Men's Football,0,ea-drop-api,246173,https://www.ea.com/games/ea-sports-fc/ratings?playerId=246173,ea-drop-api,ea-drop-api,FC26_20250921-carryover,fc27,2026-08-28T09:08:58.508Z,salford-city,Salford City,eng-4,fc27,246173:BASE,BASE_LAUNCH
246300,Brayan Vera,Brayan,Vera,,1999-01-15,27,Colombia,Colombia,56,180,77,Real Salt Lake,111065,MLS,,CB,CB,,Defense,Left,69,73,70,69,70,40,41,45,39,34,38,29,52,37,64,40,59,46,42,55,67,65,64,62,60,69,68,67,72,69,68,71,78,56,78,69,2,2,5,12,12,10,8,,,,,,,Men's Football,0,ea-drop-api,246300,https://www.ea.com/games/ea-sports-fc/ratings?playerId=246300,ea-drop-api,ea-drop-api,FC26_20250921-carryover,fc27,2026-08-28T09:08:58.508Z,real-salt-lake,Real Salt Lake,mls,fc27,246300:BASE,BASE_LAUNCH
246471,Federico Girotti,Federico,Girotti,,1999-06-02,27,Argentina,Argentina,52,190,84,Talleres,112670,LPF,,ST,ST,,Attack,Right,69,72,61,64,59,69,72,70,59,67,70,73,57,56,47,51,62,61,55,65,69,52,67,64,71,36,28,73,30,35,34,75,84,69,83,59,3,3,9,9,7,12,8,,,,,Enforcer,,Men's Football,0,ea-drop-api,246471,https://www.ea.com/games/ea-sports-fc/ratings?playerId=246471,ea-drop-api,ea-drop-api,FC26_20250921-carryover,fc27,2026-08-28T09:08:58.508Z,talleres,Talleres,arg,fc27,246471:BASE,BASE_LAUNCH
246681,Idris El Mizouni,Idris,El Mizouni,,2000-09-26,25,Tunisia,Tunisia,145,185,74,Leyton Orient,1958,EFL League One,,CM,"CM, CDM, CAM","CDM, CAM",Midfielder,Right,68,72,64,68,61,58,55,66,62,51,44,64,64,69,50,60,71,66,57,65,63,66,66,65,67,62,66,49,63,64,62,73,62,85,65,80,3,3,12,5,8,13,6,,,,,"Intercept, Anticipate",,Men's Football,0,ea-drop-api,246681,https://www.ea.com/games/ea-sports-fc/ratings?playerId=246681,ea-drop-api,ea-drop-api,FC26_20250921-carryover,fc27,2026-08-28T09:08:58.508Z,leyton-orient,Leyton Orient,eng-3,fc27,246681:BASE,BASE_LAUNCH
246816,Eddy Sylvestre,Eddy,Sylvestre,,1999-08-29,26,France,France,18,173,69,USL Dunkerque,111276,Ligue 2 BKT,,CM,"CM, RM, CAM","RM, CAM",Midfielder,Left,65,68,67,72,62,64,64,65,63,61,61,67,63,66,59,54,66,63,63,66,74,79,62,69,65,55,59,51,57,53,52,62,65,71,62,51,3,3,14,10,7,9,12,,,,,,,Men's Football,0,ea-drop-api,246816,https://www.ea.com/games/ea-sports-fc/ratings?playerId=246816,ea-drop-api,ea-drop-api,FC26_20250921-carryover,fc27,2026-08-28T09:08:58.508Z,usl-dunkerque,USL Dunkerque,fra-2,fc27,246816:BASE,BASE_LAUNCH
246947,Paul Akouokou,Paul,Akouokou,,1997-12-20,28,Ivory Coast,Côte d'Ivoire,108,181,68,,,LALIGA HYPERMOTION,,CDM,"CDM, CM",CM,Midfielder,Right,71,72,55,54,56,56,54,65,58,42,49,57,66,71,59,39,73,72,43,68,69,62,68,72,69,70,70,62,69,74,72,67,66,53,70,75,2,2,10,15,13,8,9,,,,,,,Men's Football,0,ea-drop-api,246947,https://www.ea.com/games/ea-sports-fc/ratings?playerId=246947,ea-drop-api,ea-drop-api,FC26_20250921-carryover,fc27,2026-08-28T09:08:58.508Z,real-zaragoza,Real Zaragoza,esp-2,fc26-backfill,246947:BASE,BASE_LAUNCH
247076,Christian Oliva,Christian,Oliva,,1996-06-01,30,Uruguay,Uruguay,60,178,75,,,Libertadores,,CDM,"CDM, CM",CM,Midfielder,Right,72,72,61,68,55,62,57,73,72,43,53,58,67,66,60,56,75,67,59,67,64,73,68,69,66,70,72,66,70,69,73,73,74,73,72,73,3,2,9,13,5,15,12,,,,,,,Men's Football,0,ea-drop-api,247076,https://www.ea.com/games/ea-sports-fc/ratings?playerId=247076,ea-drop-api,ea-drop-api,FC26_20250921-carryover,fc27,2026-08-28T09:08:58.508Z,,,,,247076:BASE,BASE_LAUNCH
247240,Rafael Santos,Rafael Lucas,Cardoso dos Santos,Rafael Santos,1998-02-05,28,Brazil,Brazil,54,180,73,Colorado Rapids,694,MLS,,LB,"LB, LM",LM,Defense,Left,64,65,72,74,71,43,48,45,32,28,42,55,54,49,67,41,55,50,48,59,66,64,57,51,50,60,59,45,57,67,68,63,62,66,61,65,2,2,6,12,6,10,12,,,,,,,Men's Football,0,ea-drop-api,247240,https://www.ea.com/games/ea-sports-fc/ratings?playerId=247240,ea-drop-api,ea-drop-api,FC26_20250921-carryover,fc27,2026-08-28T09:08:58.508Z,colorado-rapids,Colorado Rapids,mls,fc27,247240:BASE,BASE_LAUNCH
247400,Carlos Villalba,Carlos,Villalba,,1998-07-19,28,Argentina,Argentina,52,175,71,Sarmiento,112713,LPF,,CM,"CM, CDM",CDM,Midfielder,Right,68,68,66,64,67,61,60,64,66,46,50,66,61,64,45,47,70,66,45,69,65,73,70,68,65,68,68,64,68,69,65,74,75,76,77,65,3,2,8,9,12,7,6,,,,,,,Men's Football,0,ea-drop-api,247400,https://www.ea.com/games/ea-sports-fc/ratings?playerId=247400,ea-drop-api,ea-drop-api,FC26_20250921-carryover,fc27,2026-08-28T09:08:58.508Z,club-atletico-sarmiento,Club Atlético Sarmiento,arg,fc27,247400:BASE,BASE_LAUNCH
247539,Aurélien Scheidler,Aurélien,Scheidler,,1998-06-04,28,France,France,18,192,89,Sp. Charleroi,670,1A Pro League,,ST,ST,,Attack,Right,68,68,49,51,48,68,68,70,66,68,65,69,55,61,41,58,64,39,59,63,40,34,69,71,67,31,25,69,23,32,22,80,77,75,89,62,2,2,13,6,13,8,14,,,,,,,Men's Football,0,ea-drop-api,247539,https://www.ea.com/games/ea-sports-fc/ratings?playerId=247539,ea-drop-api,ea-drop-api,FC26_20250921-carryover,fc27,2026-08-28T09:08:58.508Z,,,,,247539:BASE,BASE_LAUNCH
247725,Gabrielle Carle,Gabrielle,Carle,,1998-10-12,27,Canada,Canada,70,168,55,Washington Spirit,116304,NWSL,,RB,"RB, LB, RM","LB, RM",Defense,Right,76,,73,73,73,49,46,51,58,48,44,42,66,55,70,49,72,63,68,67,61,65,76,72,60,76,74,67,77,80,75,66,72,76,61,63,5,2,13,8,15,14,11,,,,,Long Throw,,Women's Football,1,ea-drop-api,247725,https://www.ea.com/games/ea-sports-fc/ratings?playerId=247725,ea-drop-api,ea-drop-api,,fc27,2026-08-28T09:08:58.508Z,,,,,247725:BASE,BASE_LAUNCH
247888,Sebastiano Esposito,Sebastiano,Esposito,,2002-07-02,24,Italy,Italy,27,183,73,Cagliari,1842,Serie A Enilive,,ST,"ST, CAM",CAM,Attack,Right,75,82,75,76,74,76,77,77,75,70,69,78,74,70,76,84,75,70,75,77,77,70,71,79,71,35,30,67,24,40,35,62,75,71,63,45,5,4,15,12,12,10,10,,,,,"Dead Ball, Incisive Pass",,Men's Football,0,ea-drop-api,247888,https://www.ea.com/games/ea-sports-fc/ratings?playerId=247888,ea-drop-api,ea-drop-api,FC26_20250921-carryover,fc27,2026-08-28T09:08:58.508Z,cagliari,Cagliari,ita,fc27,247888:BASE,BASE_LAUNCH
248071,Denis Rusu,Denis,Rusu,,1990-08-02,36,Moldova,Moldova,33,180,76,,,SUPERLIGA,,GK,GK,,Defense,Right,65,65,64,22,22,64,12,47,20,17,14,10,62,49,22,13,16,18,21,64,38,48,66,16,33,22,13,20,16,15,12,65,53,25,56,32,2,1,64,64,62,65,64,,,,,,,Men's Football,0,ea-drop-api,248071,https://www.ea.com/games/ea-sports-fc/ratings?playerId=248071,ea-drop-api,ea-drop-api,FC26_20250921-carryover,fc27,2026-08-28T09:08:58.508Z,,,,,248071:BASE,BASE_LAUNCH
248197,Vignesh Dakshinamurthy,Vignesh,Dakshinamurthy,,1998-03-05,28,India,India,159,181,73,Chennaiyin FC,113297,ISL,,LB,"LB, LM",LM,Defense,Left,55,55,68,66,69,38,39,34,39,30,38,52,46,49,43,31,50,40,42,50,63,55,54,48,42,51,50,46,48,55,55,54,55,54,59,39,3,2,12,13,7,9,7,,,,,,,Men's Football,0,ea-drop-api,248197,https://www.ea.com/games/ea-sports-fc/ratings?playerId=248197,ea-drop-api,ea-drop-api,FC26_20250921-carryover,fc27,2026-08-28T09:08:58.508Z,chennaiyin-fc,Chennaiyin FC,ind,fc27,248197:BASE,BASE_LAUNCH
248300,Manvir Singh,Manvir,Singh,,1995-11-06,30,India,India,159,188,78,Mohun Bagan SG,113146,ISL,,RM,"RM, LM, RW","LM, RW",Midfielder,Right,66,65,79,69,87,60,63,60,54,51,56,65,60,61,68,31,60,60,50,62,59,34,59,65,60,35,29,61,40,28,31,73,77,69,78,64,3,2,12,7,11,9,15,,,,,"Precision Header, Intercept, Aerial Fortress, Rapid",,Men's Football,0,ea-drop-api,248300,https://www.ea.com/games/ea-sports-fc/ratings?playerId=248300,ea-drop-api,ea-drop-api,FC26_20250921-carryover,fc27,2026-08-28T09:08:58.508Z,mohun-bagan-super-giant,Mohun Bagan Super Giant,ind,fc27,248300:BASE,BASE_LAUNCH
248478,Diant Ramaj,Diant,Ramaj,,2001-09-19,24,Germany,Germany,21,188,82,Heidenheim,111235,Bundesliga,,GK,GK,,Defense,Right,73,81,74,28,29,70,16,61,18,20,24,18,81,67,17,18,53,51,22,76,31,42,64,44,65,28,15,12,15,15,15,72,58,38,64,32,5,1,74,70,81,72,76,,,,,"Pinged Pass, Long Ball Pass, Deflector",,Men's Football,0,ea-drop-api,248478,https://www.ea.com/games/ea-sports-fc/ratings?playerId=248478,ea-drop-api,ea-drop-api,FC26_20250921-carryover,fc27,2026-08-28T09:08:58.508Z,fc-heidenheim,1. FC Heidenheim,ger,fc27,248478:BASE,BASE_LAUNCH
248698,Valeriy Bondar,Valeriy,Bondar,,1999-02-27,27,Ukraine,Ukraine,49,184,73,Shakhtar Donetsk,101059,Ukrayina Liha,,CB,"CB, RB, LB","RB, LB",Defense,Right,75,79,72,71,73,35,27,58,34,28,29,38,64,48,56,32,80,74,48,65,67,77,70,66,73,76,77,71,78,76,73,74,81,76,75,69,2,2,10,10,9,15,6,,,,,,,Men's Football,0,ea-drop-api,248698,https://www.ea.com/games/ea-sports-fc/ratings?playerId=248698,ea-drop-api,ea-drop-api,FC26_20250921-carryover,fc27,2026-08-28T09:08:58.508Z,shakhtar-donetsk,Shakhtar Donetsk,ukr,fc27,248698:BASE,BASE_LAUNCH
248836,Waleed Al Ahmed,Waleed,Al Ahmed,,1999-05-03,27,Saudi Arabia,Saudi Arabia,183,189,78,Al Taawoun,112393,ROSHN Saudi League,,CB,CB,,Defense,Right,65,70,63,60,66,28,21,42,28,38,30,30,45,39,27,23,60,55,27,43,35,55,61,53,45,64,63,67,61,66,64,70,75,64,77,59,2,2,15,11,14,10,9,,,,,Aerial Fortress,,Men's Football,0,ea-drop-api,248836,https://www.ea.com/games/ea-sports-fc/ratings?playerId=248836,ea-drop-api,ea-drop-api,FC26_20250921-carryover,fc27,2026-08-28T09:08:58.508Z,al-taawoun-fc,Al Taawoun FC,sau,fc27,248836:BASE,BASE_LAUNCH
250813,Leo Greiml,Leo,Greiml,,2001-07-03,25,Austria,Austria,4,187,84,,,Eredivisie,,CB,CB,,Defense,Right,69,75,50,43,55,34,28,50,29,23,41,49,49,49,26,23,64,60,33,49,47,62,64,55,66,65,61,75,65,65,67,78,84,63,81,88,2,2,13,13,5,9,8,,,,,"Slide Tackle, Aerial Fortress",,Men's Football,0,ea-drop-api,250813,https://www.ea.com/games/ea-sports-fc/ratings?playerId=250813,ea-drop-api,ea-drop-api,FC26_20250921-carryover,fc27,2026-08-28T09:08:58.508Z,nac-breda,NAC Breda,ned,fc26-backfill,250813:BASE,BASE_LAUNCH
250950,Luka Kukić,Luka,Kukić,,1996-05-16,30,Bosnia and Herzegovina,Bosnia and Herzegovina,8,190,88,FC Botoșani,110752,SUPERLIGA,,GK,GK,,Defense,Right,63,64,64,26,20,62,9,44,8,8,14,6,58,46,10,12,27,22,10,62,31,33,60,14,34,24,13,10,14,13,13,64,53,23,60,17,2,1,64,62,58,64,62,,,,,,,Men's Football,0,ea-drop-api,250950,https://www.ea.com/games/ea-sports-fc/ratings?playerId=250950,ea-drop-api,ea-drop-api,FC26_20250921-carryover,fc27,2026-08-28T09:08:58.508Z,fc-botosani,FC Botoșani,rou,fc27,250950:BASE,BASE_LAUNCH
251111,Feng Boyuan,Boyuan,Feng,Feng Boyuan,1995-01-18,31,China PR,China PR,155,191,85,Qingdao Hainiu,131173,CSL,,ST,ST,,Attack,Right,59,59,53,56,51,58,63,60,47,54,54,58,37,43,27,33,43,28,39,54,44,53,61,60,44,23,15,65,17,22,20,67,72,63,75,50,2,2,8,6,11,9,10,,,,,Enforcer,,Men's Football,0,ea-drop-api,251111,https://www.ea.com/games/ea-sports-fc/ratings?playerId=251111,ea-drop-api,ea-drop-api,FC26_20250921-carryover,fc27,2026-08-28T09:08:58.508Z,,,,,251111:BASE,BASE_LAUNCH
251257,Corey Whitely,Corey,Whitely,,1991-07-11,35,England,England,14,177,70,Bromley FC,112764,EFL League Two,,LW,"LW, CM, LM","CM, LM",Attack,Right,60,60,75,74,75,55,51,62,57,46,53,56,57,61,54,51,59,57,50,62,73,72,58,61,62,52,58,37,49,58,49,67,57,73,63,70,3,3,12,12,7,14,14,,,,,Technical,,Men's Football,0,ea-drop-api,251257,https://www.ea.com/games/ea-sports-fc/ratings?playerId=251257,ea-drop-api,ea-drop-api,FC26_20250921-carryover,fc27,2026-08-28T09:08:58.508Z,bromley-fc,Bromley FC,eng-4,fc27,251257:BASE,BASE_LAUNCH
251368,Kacper Kostorz,Kacper,Kostorz,,1999-08-21,27,Poland,Poland,37,191,79,Pogoń Szczecin,110746,PKO BP Ekstraklasa,,ST,ST,,Attack,Right,65,68,73,76,71,62,68,67,51,51,45,68,56,63,52,46,60,49,47,60,59,56,65,62,63,40,21,62,34,48,46,62,72,80,59,43,4,2,7,14,12,10,9,,,,,,,Men's Football,0,ea-drop-api,251368,https://www.ea.com/games/ea-sports-fc/ratings?playerId=251368,ea-drop-api,ea-drop-api,FC26_20250921-carryover,fc27,2026-08-28T09:08:58.508Z,pogon-szczecin,Pogoń Szczecin,pol,fc27,251368:BASE,BASE_LAUNCH
251516,Ossama Ashley,Ossama,Ashley,,2000-02-23,26,England,England,14,180,82,Salford City,113926,EFL League Two,,CDM,"CDM, CM",CM,Midfielder,Right,64,68,69,67,71,48,47,49,51,39,43,54,55,57,47,41,62,57,47,61,59,66,62,60,62,61,65,49,59,62,64,73,62,82,70,72,3,3,12,6,14,13,11,,,,,"Intercept, Slide Tackle, Aerial Fortress, Press Proven",,Men's Football,0,ea-drop-api,251516,https://www.ea.com/games/ea-sports-fc/ratings?playerId=251516,ea-drop-api,ea-drop-api,FC26_20250921-carryover,fc27,2026-08-28T09:08:58.508Z,salford-city,Salford City,eng-4,fc27,251516:BASE,BASE_LAUNCH
251629,Justin Lonwijk,Justin,Lonwijk,,1999-12-21,26,Suriname,Suriname,92,189,85,,,Eredivisie,,CM,"CM, RM, CAM","RM, CAM",Midfielder,Right,66,71,76,69,82,62,60,68,64,56,51,67,63,65,55,53,68,66,60,66,70,58,67,68,66,61,62,60,63,62,55,77,78,75,81,69,3,3,7,9,8,11,7,,,,,,,Men's Football,0,ea-drop-api,251629,https://www.ea.com/games/ea-sports-fc/ratings?playerId=251629,ea-drop-api,ea-drop-api,FC26_20250921-carryover,fc27,2026-08-28T09:08:58.508Z,fortuna-sittard,Fortuna Sittard,ned,fc26-backfill,251629:BASE,BASE_LAUNCH
251823,Ted Tattermusch,Ted,Tattermusch,,2001-05-08,25,Germany,Germany,21,194,89,Energie Cottbus,162,3. Liga,,ST,ST,,Attack,Right,61,66,65,65,65,58,58,64,53,52,52,58,48,49,44,36,58,34,50,59,66,58,62,60,50,50,49,64,43,55,43,72,77,64,80,60,3,2,13,7,12,11,11,,,,,,,Men's Football,0,ea-drop-api,251823,https://www.ea.com/games/ea-sports-fc/ratings?playerId=251823,ea-drop-api,ea-drop-api,FC26_20250921-carryover,fc27,2026-08-28T09:08:58.508Z,energie-cottbus,Energie Cottbus,ger-3,fc27,251823:BASE,BASE_LAUNCH
251942,Costinha,João Pedro,Loureiro da Costa,Costinha,2000-03-26,26,Portugal,Portugal,38,181,74,Olympiacos FC,280,Hellas Liga,,RB,"RB, RM",RM,Defense,Right,75,80,78,79,77,65,65,71,63,44,69,74,72,71,75,49,74,73,69,74,70,69,72,76,72,70,71,68,66,74,71,77,80,81,72,82,3,3,14,13,14,13,8,,,,,"Anticipate, Bruiser",,Men's Football,0,ea-drop-api,251942,https://www.ea.com/games/ea-sports-fc/ratings?playerId=251942,ea-drop-api,ea-drop-api,FC26_20250921-carryover,fc27,2026-08-28T09:08:58.508Z,olympiacos,Olympiacos FC,gre,fc27,251942:BASE,BASE_LAUNCH
252073,Filip Bilbija,Filip,Bilbija,,2000-04-24,26,Germany,Germany,21,189,78,SC Paderborn 07,10030,Bundesliga 2,,CAM,"CAM, CM, ST","CM, ST",Midfielder,Right,71,74,65,68,62,65,71,59,63,53,48,73,69,68,71,47,73,69,52,72,73,64,69,72,64,31,39,45,29,26,24,67,62,87,69,39,3,3,15,8,11,14,5,,,,,"Precision Header, Low Driven Shot, Gamechanger, Technical",,Men's Football,0,ea-drop-api,252073,https://www.ea.com/games/ea-sports-fc/ratings?playerId=252073,ea-drop-api,ea-drop-api,FC26_20250921-carryover,fc27,2026-08-28T09:08:58.508Z,sc-paderborn-07,SC Paderborn 07,ger-2,fc27,252073:BASE,BASE_LAUNCH
252208,Rıdvan Yılmaz,Rıdvan,Yılmaz,,2001-05-21,25,Turkey,Turkey,48,174,60,Beşiktaş,327,Trendyol Süper Lig,,LB,"LB, LM",LM,Defense,Left,73,77,88,90,86,56,51,68,58,51,42,70,66,60,70,41,71,65,75,76,91,84,76,73,70,66,68,51,69,68,65,62,70,75,55,62,2,2,11,12,9,13,13,,,,,"Whipped Pass, Rapid, Quick Step",,Men's Football,0,ea-drop-api,252208,https://www.ea.com/games/ea-sports-fc/ratings?playerId=252208,ea-drop-api,ea-drop-api,FC26_20250921-carryover,fc27,2026-08-28T09:08:58.508Z,besiktas,Beşiktaş JK,tur,fc27,252208:BASE,BASE_LAUNCH
252371,Jude Bellingham,Jude,Bellingham,,2003-06-29,23,England,England,14,186,75,Real Madrid,243,LALIGA EA SPORTS,,CAM,"CAM, CM",CM,Midfielder,Right,90,94,80,81,80,86,88,86,87,77,74,91,83,90,66,68,90,89,73,90,83,83,91,91,90,78,82,75,77,79,77,85,85,94,80,85,4,4,14,11,10,5,8,,,,,"Low Driven Shot, Gamechanger, Inventive, Slide Tackle, Technical, First Touch",Relentless+,Men's Football,0,ea-drop-api,252371,https://www.ea.com/games/ea-sports-fc/ratings?playerId=252371,ea-drop-api,ea-drop-api,FC26_20250921-carryover,fc27,2026-08-28T09:08:58.508Z,real-madrid,Real Madrid,esp,fc27,252371:BASE,BASE_LAUNCH
252527,Marco Burch,Marco,Burch,,2000-10-19,25,Switzerland,Switzerland,47,186,75,Legia Warszawa,1871,PKO BP Ekstraklasa,,CB,"CB, RB, RM","RB, RM",Defense,Right,66,71,67,69,65,45,47,45,43,33,31,51,52,49,43,31,62,57,34,50,66,72,60,61,55,65,64,68,62,67,63,74,76,78,74,67,3,2,12,13,14,8,10,,,,,,,Men's Football,0,ea-drop-api,252527,https://www.ea.com/games/ea-sports-fc/ratings?playerId=252527,ea-drop-api,ea-drop-api,FC26_20250921-carryover,fc27,2026-08-28T09:08:58.508Z,legia-warsaw,Legia Warsaw,pol,fc27,252527:BASE,BASE_LAUNCH
252746,Cristian Cauz,Cristian,Cauz,,1996-08-15,30,Italy,Italy,27,188,78,Modena,1744,Serie BKT,,CB,CB,,Defense,Left,67,68,75,68,81,50,42,60,55,45,55,54,59,55,63,50,60,58,66,62,58,56,65,63,60,66,66,65,62,70,68,69,72,68,70,67,3,2,11,10,14,7,7,,,,,,,Men's Football,0,ea-drop-api,252746,https://www.ea.com/games/ea-sports-fc/ratings?playerId=252746,ea-drop-api,ea-drop-api,FC26_20250921-carryover,fc27,2026-08-28T09:08:58.508Z,modena,Modena,ita-2,fc27,252746:BASE,BASE_LAUNCH
252917,Yalçın Kayan,Yalçın,Kayan,,1999-01-30,27,Turkey,Turkey,48,180,74,Eyüpspor,131174,Trendyol Süper Lig,,CM,"CM, CDM, CAM","CDM, CAM",Midfielder,Left,69,72,68,69,68,68,64,74,73,68,54,74,67,69,55,67,70,69,71,68,69,65,67,67,67,64,63,58,64,66,64,68,68,73,67,65,3,3,13,6,10,9,7,,,,,Long Ball Pass,,Men's Football,0,ea-drop-api,252917,https://www.ea.com/games/ea-sports-fc/ratings?playerId=252917,ea-drop-api,ea-drop-api,FC26_20250921-carryover,fc27,2026-08-28T09:08:58.508Z,eyupspor,Eyüpspor,tur,fc27,252917:BASE,BASE_LAUNCH
253057,Zak Swanson,Zak,Swanson,,2000-09-28,25,England,England,14,186,77,Portsmouth,1790,EFL Championship,,RB,"RB, RM",RM,Defense,Right,67,72,72,73,71,48,45,58,42,51,56,57,64,63,64,51,67,61,64,64,72,67,61,65,60,63,63,57,64,64,65,67,70,68,66,67,4,2,9,9,13,13,6,,,,,Jockey,,Men's Football,0,ea-drop-api,253057,https://www.ea.com/games/ea-sports-fc/ratings?playerId=253057,ea-drop-api,ea-drop-api,FC26_20250921-carryover,fc27,2026-08-28T09:08:58.508Z,portsmouth,Portsmouth,eng-2,fc27,253057:BASE,BASE_LAUNCH
253171,Leo Oppermann,Leo,Oppermann,,2001-08-28,25,Germany,Germany,21,191,82,Arminia Bielefeld,159,Bundesliga 2,,GK,GK,,Defense,Right,60,68,63,23,24,59,8,44,7,7,10,5,59,31,12,11,24,28,14,65,25,45,40,16,18,23,12,11,7,10,9,58,36,20,36,24,3,1,63,59,59,58,65,,,,,,,Men's Football,0,ea-drop-api,253171,https://www.ea.com/games/ea-sports-fc/ratings?playerId=253171,ea-drop-api,ea-drop-api,FC26_20250921-carryover,fc27,2026-08-28T09:08:58.508Z,arminia-bielefeld,Arminia Bielefeld,ger-3,fc27,253171:BASE,BASE_LAUNCH
253322,Leonel Quiñonez,Leonel,Quiñonez,,1993-07-03,33,Ecuador,Ecuador,57,178,76,,,Libertadores,,LB,"LB, CB, LM","CB, LM",Defense,Left,71,71,75,76,75,63,55,77,69,54,61,67,69,65,73,68,70,67,71,68,78,71,64,67,66,65,65,61,65,66,67,73,76,79,70,71,2,2,10,12,10,15,8,,,,,,,Men's Football,0,ea-drop-api,253322,https://www.ea.com/games/ea-sports-fc/ratings?playerId=253322,ea-drop-api,ea-drop-api,FC26_20250921-carryover,fc27,2026-08-28T09:08:58.508Z,,,,,253322:BASE,BASE_LAUNCH
253464,Malthe Højholt,Malthe,Højholt,,2001-04-16,25,Denmark,Denmark,13,182,67,Pisa,110738,Serie A Enilive,,CDM,"CDM, CM",CM,Midfielder,Right,66,72,64,63,64,44,41,54,41,36,42,59,58,62,40,33,68,64,43,65,63,71,68,67,72,62,64,46,65,64,61,62,55,71,57,66,3,2,10,10,8,6,13,,,,,,,Men's Football,0,ea-drop-api,253464,https://www.ea.com/games/ea-sports-fc/ratings?playerId=253464,ea-drop-api,ea-drop-api,FC26_20250921-carryover,fc27,2026-08-28T09:08:58.508Z,pisa,Pisa,ita-2,fc27,253464:BASE,BASE_LAUNCH
253672,Arshdeep Singh,Arshdeep,Singh,,1997-10-06,28,India,India,159,181,69,Hyderabad FC,113301,ISL,,GK,GK,,Defense,Right,59,59,54,40,45,60,7,46,13,5,14,5,61,27,12,11,25,20,11,60,23,47,55,12,20,42,9,13,8,13,13,60,49,25,33,18,2,1,54,60,61,60,60,,,,,Footwork,,Men's Football,0,ea-drop-api,253672,https://www.ea.com/games/ea-sports-fc/ratings?playerId=253672,ea-drop-api,ea-drop-api,FC26_20250921-carryover,fc27,2026-08-28T09:08:58.508Z,hyderabad-fc,Hyderabad FC,ind,fc27,253672:BASE,BASE_LAUNCH
253951,Franco Calderón,Franco,Calderón,,1998-05-13,28,Argentina,Argentina,52,188,80,,,Libertadores,,CB,CB,,Defense,Right,71,74,61,55,65,36,27,55,33,31,47,39,48,39,33,32,63,57,36,51,61,54,69,50,58,69,71,68,68,70,66,81,84,75,83,85,3,2,15,5,7,15,8,,,,,Slide Tackle,,Men's Football,0,ea-drop-api,253951,https://www.ea.com/games/ea-sports-fc/ratings?playerId=253951,ea-drop-api,ea-drop-api,FC26_20250921-carryover,fc27,2026-08-28T09:08:58.508Z,,,,,253951:BASE,BASE_LAUNCH
254143,Nando Pijnaker,Nando,Pijnaker,,1999-02-25,27,New Zealand,New Zealand,198,191,88,Auckland FC,131739,A-League,,CB,CB,,Defense,Left,67,69,60,56,64,48,44,66,42,34,48,45,54,55,49,36,59,58,36,53,54,55,64,53,50,65,64,66,64,65,65,79,76,79,82,72,3,2,11,12,13,12,13,,,,,Jockey,,Men's Football,0,ea-drop-api,254143,https://www.ea.com/games/ea-sports-fc/ratings?playerId=254143,ea-drop-api,ea-drop-api,FC26_20250921-carryover,fc27,2026-08-28T09:08:58.508Z,auckland-fc,Auckland FC,aus,fc27,254143:BASE,BASE_LAUNCH
254294,Dominick Zator,Dominick,Zator,,1994-09-18,31,Canada,Canada,70,188,85,,,PKO BP Ekstraklasa,,RB,"RB, CB",CB,Defense,Right,63,63,71,70,72,29,23,41,30,28,31,24,43,25,48,33,52,43,32,52,57,54,65,55,50,62,63,60,63,61,60,79,79,72,83,76,2,2,9,15,11,12,10,,,,,Jockey,,Men's Football,0,ea-drop-api,254294,https://www.ea.com/games/ea-sports-fc/ratings?playerId=254294,ea-drop-api,ea-drop-api,FC26_20250921-carryover,fc27,2026-08-28T09:08:58.508Z,,,,,254294:BASE,BASE_LAUNCH
254537,Davíð Kristján Ólafsson,Davíð Kristján,Ólafsson,,1995-05-15,31,Iceland,Iceland,24,184,81,Cracovia,110747,PKO BP Ekstraklasa,,LB,"LB, LM",LM,Defense,Left,68,68,76,75,77,55,59,58,48,45,44,62,65,68,67,61,66,61,62,65,67,70,64,66,56,61,61,58,62,62,60,72,74,78,71,65,3,2,7,14,13,6,5,,,,,Long Throw,,Men's Football,0,ea-drop-api,254537,https://www.ea.com/games/ea-sports-fc/ratings?playerId=254537,ea-drop-api,ea-drop-api,FC26_20250921-carryover,fc27,2026-08-28T09:08:58.508Z,cracovia,MKS Cracovia,pol,fc27,254537:BASE,BASE_LAUNCH
254789,Sven Mijnans,Sven,Mijnans,,2000-03-09,26,Netherlands,Holland,34,190,70,,,Eredivisie,,CAM,"CAM, CM",CM,Midfielder,Left,75,80,61,74,51,72,74,73,73,64,50,75,74,76,71,71,76,73,74,76,76,71,74,78,75,64,64,65,64,64,65,70,65,93,61,66,3,3,13,10,14,13,10,,,,,"Incisive Pass, Inventive, First Touch, Relentless",,Men's Football,0,ea-drop-api,254789,https://www.ea.com/games/ea-sports-fc/ratings?playerId=254789,ea-drop-api,ea-drop-api,FC26_20250921-carryover,fc27,2026-08-28T09:08:58.508Z,az-alkmaar,AZ Alkmaar,ned,fc26-backfill,254789:BASE,BASE_LAUNCH
254941,Luis Casiani,Luis,Casiani,,2001-07-20,25,Venezuela,Venezuela,61,181,73,,,Sudamericana,,RB,"RB, RM",RM,Defense,Right,65,72,73,70,75,49,50,48,50,44,36,58,58,66,61,30,63,38,57,61,59,79,64,60,48,59,60,56,56,64,57,63,67,73,63,48,2,2,15,7,11,8,14,,,,,,,Men's Football,0,ea-drop-api,254941,https://www.ea.com/games/ea-sports-fc/ratings?playerId=254941,ea-drop-api,ea-drop-api,FC26_20250921-carryover,fc27,2026-08-28T09:08:58.508Z,,,,,254941:BASE,BASE_LAUNCH
255135,Rubén Rojas,Rubén,Rojas,,1992-07-03,34,Venezuela,Venezuela,61,178,79,,,Sudamericana,,ST,ST,,Attack,Right,65,65,68,71,65,67,72,67,60,44,70,67,58,48,55,68,65,60,38,59,67,65,60,56,49,18,16,62,13,11,12,56,73,55,67,27,3,3,12,15,7,12,14,,,,,,,Men's Football,0,ea-drop-api,255135,https://www.ea.com/games/ea-sports-fc/ratings?playerId=255135,ea-drop-api,ea-drop-api,FC26_20250921-carryover,fc27,2026-08-28T09:08:58.508Z,,,,,255135:BASE,BASE_LAUNCH
255266,Obed Nkambadio,Obed,Nkambadio,,2003-02-07,23,France,France,18,190,86,Paris FC,111817,Ligue 1 McDonald's,,GK,GK,,Defense,Right,73,81,73,31,28,70,8,50,5,5,17,5,67,39,13,14,28,25,10,76,39,41,69,16,36,30,11,11,6,10,14,71,49,20,47,20,2,1,73,70,67,71,76,,,,,,,Men's Football,0,ea-drop-api,255266,https://www.ea.com/games/ea-sports-fc/ratings?playerId=255266,ea-drop-api,ea-drop-api,FC26_20250921-carryover,fc27,2026-08-28T09:08:58.508Z,paris-fc,Paris FC,fra-2,fc27,255266:BASE,BASE_LAUNCH
255417,Shen Zigui,Zigui,Shen,Shen Zigui,2000-12-26,25,Chinese Taipei,Chinese Taipei,213,180,67,Wuhan Three Towns,116361,CSL,,LM,"LM, LW",LW,Midfielder,Right,58,63,78,78,78,54,54,60,53,47,48,56,48,53,49,40,48,45,47,62,73,84,58,59,54,40,28,41,34,52,42,53,58,49,58,46,3,3,11,8,8,6,9,,,,,Technical,,Men's Football,0,ea-drop-api,255417,https://www.ea.com/games/ea-sports-fc/ratings?playerId=255417,ea-drop-api,ea-drop-api,FC26_20250921-carryover,fc27,2026-08-28T09:08:58.508Z,,,,,255417:BASE,BASE_LAUNCH
255558,Emin Bayram,Emin,Bayram,,2003-04-02,23,Turkey,Turkey,48,192,78,KVC Westerlo,681,1A Pro League,,CB,CB,,Defense,Right,73,84,60,62,59,40,35,50,33,36,56,55,60,62,35,36,75,71,40,70,64,66,62,77,61,74,73,70,75,75,73,72,71,77,68,78,2,2,13,7,11,14,5,,,,,"Long Ball Pass, Intercept, Aerial Fortress",,Men's Football,0,ea-drop-api,255558,https://www.ea.com/games/ea-sports-fc/ratings?playerId=255558,ea-drop-api,ea-drop-api,FC26_20250921-carryover,fc27,2026-08-28T09:08:58.508Z,westerlo,KVC Westerlo,bel,fc27,255558:BASE,BASE_LAUNCH
255779,Kacper Chodyna,Kacper,Chodyna,,1999-05-24,27,Poland,Poland,37,176,68,Legia Warszawa,1871,PKO BP Ekstraklasa,,RM,"RM, RW, CAM","RW, CAM",Midfielder,Right,68,69,85,84,85,62,62,64,61,45,66,64,63,66,62,55,64,65,51,66,83,79,64,64,65,59,63,54,56,61,60,64,71,71,60,62,2,3,9,7,6,14,14,,,,,,,Men's Football,0,ea-drop-api,255779,https://www.ea.com/games/ea-sports-fc/ratings?playerId=255779,ea-drop-api,ea-drop-api,FC26_20250921-carryover,fc27,2026-08-28T09:08:58.508Z,legia-warsaw,Legia Warsaw,pol,fc27,255779:BASE,BASE_LAUNCH
255934,Jean Onana,Jean,Onana,,2000-01-08,26,Cameroon,Cameroon,103,189,85,Genoa,110556,Serie A Enilive,,CM,"CM, CDM",CDM,Midfielder,Right,71,74,54,53,54,66,61,77,68,64,54,64,68,72,59,50,73,74,59,70,56,55,67,74,72,70,72,68,69,70,66,77,75,64,83,77,3,3,9,14,15,12,9,,,,,Enforcer,,Men's Football,0,ea-drop-api,255934,https://www.ea.com/games/ea-sports-fc/ratings?playerId=255934,ea-drop-api,ea-drop-api,FC26_20250921-carryover,fc27,2026-08-28T09:08:58.508Z,genoa,Genoa CFC,ita,fc27,255934:BASE,BASE_LAUNCH
256097,Javi López,Javier,López Carballo,Javi López,2002-03-25,24,Spain,Spain,45,184,80,R. Oviedo,110827,LALIGA EA SPORTS,,LB,"LB, LM",LM,Defense,Left,73,80,72,71,72,45,45,55,36,33,36,68,66,67,71,31,69,62,67,69,74,55,70,70,63,71,71,65,71,72,69,69,74,74,68,66,3,2,11,13,14,14,11,,,,,,,Men's Football,0,ea-drop-api,256097,https://www.ea.com/games/ea-sports-fc/ratings?playerId=256097,ea-drop-api,ea-drop-api,FC26_20250921-carryover,fc27,2026-08-28T09:08:58.508Z,r-oviedo,R. Oviedo,esp-2,fc27,256097:BASE,BASE_LAUNCH
256292,Jan Schöppner,Jan,Schöppner,,1999-06-12,27,Germany,Germany,21,190,78,Heidenheim,111235,Bundesliga,,CDM,"CDM, CM",CM,Midfielder,Right,74,76,65,61,69,57,57,66,60,33,40,58,64,66,60,43,71,66,44,64,57,54,68,68,69,76,76,80,76,78,70,81,83,90,77,78,3,2,12,6,13,9,7,,,,,"Precision Header, Intercept, Anticipate, Aerial Fortress, Relentless",,Men's Football,0,ea-drop-api,256292,https://www.ea.com/games/ea-sports-fc/ratings?playerId=256292,ea-drop-api,ea-drop-api,FC26_20250921-carryover,fc27,2026-08-28T09:08:58.508Z,fc-heidenheim,1. FC Heidenheim,ger,fc27,256292:BASE,BASE_LAUNCH
256428,Ludvig Svanberg,Ludvig,Svanberg,,2002-12-25,23,Sweden,Sweden,46,194,82,Mjällby AIF,112072,Allsvenskan,,CB,"CB, LB",LB,Defense,Left,60,73,66,64,67,23,21,32,18,24,26,26,39,30,20,22,57,47,27,51,44,57,61,56,44,60,62,63,59,59,58,60,69,53,65,54,3,2,6,13,13,14,9,,,,,,,Men's Football,0,ea-drop-api,256428,https://www.ea.com/games/ea-sports-fc/ratings?playerId=256428,ea-drop-api,ea-drop-api,FC26_20250921-carryover,fc27,2026-08-28T09:08:58.508Z,mjallby,Mjällby AIF,swe,fc27,256428:BASE,BASE_LAUNCH
256578,Kajetan Szmyt,Kajetan,Szmyt,,2002-05-29,24,Poland,Poland,37,175,74,Zagłębie Lubin,110749,PKO BP Ekstraklasa,,RM,"RM, LM, RW","LM, RW",Midfielder,Right,66,72,85,84,85,59,59,59,61,46,63,60,60,60,58,56,64,56,62,69,85,87,54,66,64,38,44,43,29,40,39,52,55,63,45,53,2,3,15,7,6,14,8,,,,,Technical,,Men's Football,0,ea-drop-api,256578,https://www.ea.com/games/ea-sports-fc/ratings?playerId=256578,ea-drop-api,ea-drop-api,FC26_20250921-carryover,fc27,2026-08-28T09:08:58.508Z,zaglebie-lubin,Zagłębie Lubin,pol,fc27,256578:BASE,BASE_LAUNCH
256776,Isaac Schmidt,Isaac,Schmidt,,1999-12-07,26,Switzerland,Switzerland,47,172,68,SV Werder Bremen,38,Bundesliga,,LB,"LB, RB, LM","RB, LM",Defense,Right,71,75,86,87,86,54,55,58,47,55,52,59,59,61,60,36,64,50,54,74,86,87,64,72,65,66,65,54,66,69,68,66,72,80,60,62,2,3,6,15,7,11,8,,,,,"Jockey, Rapid",,Men's Football,0,ea-drop-api,256776,https://www.ea.com/games/ea-sports-fc/ratings?playerId=256776,ea-drop-api,ea-drop-api,FC26_20250921-carryover,fc27,2026-08-28T09:08:58.508Z,werder-bremen,Werder Bremen,ger,fc27,256776:BASE,BASE_LAUNCH
256923,Dixon Contreras,Dixon,Contreras,,2002-04-26,24,Chile,Chile,55,180,75,,,Sudamericana,,GK,GK,,Defense,Right,57,67,60,24,22,54,8,43,5,9,12,4,57,35,11,14,21,20,13,55,30,44,56,11,18,23,12,10,7,10,13,53,36,21,42,19,2,1,60,54,57,53,55,,,,,,,Men's Football,0,ea-drop-api,256923,https://www.ea.com/games/ea-sports-fc/ratings?playerId=256923,ea-drop-api,ea-drop-api,FC26_20250921-carryover,fc27,2026-08-28T09:08:58.508Z,,,,,256923:BASE,BASE_LAUNCH
257063,Tyrhys Dolan,Tyrhys,Dolan,,2001-12-28,24,England,England,14,164,63,RCD Espanyol,452,LALIGA EA SPORTS,,RM,"RM, CAM, LM, RW","CAM, LM, RW",Midfielder,Right,69,78,79,84,74,61,65,60,57,55,45,65,62,66,65,42,65,55,63,74,93,91,65,70,65,42,45,47,40,42,38,59,59,68,46,80,3,4,5,9,6,6,5,,,,,Trickster,,Men's Football,0,ea-drop-api,257063,https://www.ea.com/games/ea-sports-fc/ratings?playerId=257063,ea-drop-api,ea-drop-api,FC26_20250921-carryover,fc27,2026-08-28T09:08:58.508Z,espanyol,RCD Espanyol,esp,fc27,257063:BASE,BASE_LAUNCH
257185,Lautaro Blanco,Lautaro,Blanco,,1999-02-19,27,Argentina,Argentina,52,176,70,Boca Juniors,1877,LPF,,LB,"LB, LM",LM,Defense,Left,75,78,78,76,80,49,38,62,60,36,44,62,70,55,83,58,70,74,73,72,73,73,72,72,62,68,73,54,68,70,68,75,74,80,74,70,2,3,8,6,8,7,8,,,,,"Long Ball Pass, Whipped Pass",,Men's Football,0,ea-drop-api,257185,https://www.ea.com/games/ea-sports-fc/ratings?playerId=257185,ea-drop-api,ea-drop-api,FC26_20250921-carryover,fc27,2026-08-28T09:08:58.508Z,boca-juniors,Boca Juniors,arg,fc27,257185:BASE,BASE_LAUNCH
257304,Ammar Helac,Ammar,Helac,,1998-06-13,28,Austria,Austria,4,190,87,TSV Hartberg,2017,Ö. Bundesliga,,GK,GK,,Defense,Right,64,66,65,26,40,64,5,44,7,6,10,7,58,41,10,13,18,26,10,67,25,28,52,10,33,32,6,12,6,11,14,63,54,22,62,20,2,1,65,64,58,63,67,,,,,,,Men's Football,0,ea-drop-api,257304,https://www.ea.com/games/ea-sports-fc/ratings?playerId=257304,ea-drop-api,ea-drop-api,FC26_20250921-carryover,fc27,2026-08-28T09:08:58.508Z,hartberg,TSV Hartberg,aut,fc27,257304:BASE,BASE_LAUNCH
257482,Alán Montes,Alán,Montes,,2000-10-26,25,Mexico,Mexico,83,193,84,Sporting KC,696,MLS,,CB,CB,,Defense,Right,60,64,54,55,53,33,30,44,25,25,44,35,48,38,40,34,57,58,38,51,58,51,52,53,51,60,60,62,60,60,58,65,66,65,68,55,3,2,11,9,14,6,7,,,,,,,Men's Football,0,ea-drop-api,257482,https://www.ea.com/games/ea-sports-fc/ratings?playerId=257482,ea-drop-api,ea-drop-api,FC26_20250921-carryover,fc27,2026-08-28T09:08:58.508Z,sporting-kansas-city,Sporting Kansas City,mls,fc27,257482:BASE,BASE_LAUNCH
257692,Alban Ajdini,Alban,Ajdini,,1999-07-09,27,Kosovo,Kosovo,219,180,72,Lausanne-Sport,1862,Brack Super League,,ST,"ST, LM, LW","LM, LW",Attack,Right,69,72,75,76,74,71,72,76,70,47,66,67,64,65,61,61,67,64,58,70,78,74,67,68,69,33,33,56,34,28,25,67,73,75,70,48,3,3,7,11,9,8,8,,,,,"Power Shot, Technical",,Men's Football,0,ea-drop-api,257692,https://www.ea.com/games/ea-sports-fc/ratings?playerId=257692,ea-drop-api,ea-drop-api,FC26_20250921-carryover,fc27,2026-08-28T09:08:58.508Z,lausanne-sport,FC Lausanne-Sport,che,fc27,257692:BASE,BASE_LAUNCH
257859,Martin Palumbo,Martin,Palumbo,,2002-03-05,24,Norway,Norway,36,183,75,Avellino,2038,Serie BKT,,CM,"CM, CDM",CDM,Midfielder,Left,62,69,63,58,67,53,51,58,57,42,39,50,58,65,41,43,67,58,59,64,69,71,63,67,53,50,58,47,50,49,42,59,55,63,61,48,3,2,9,10,9,6,13,,,,,,,Men's Football,0,ea-drop-api,257859,https://www.ea.com/games/ea-sports-fc/ratings?playerId=257859,ea-drop-api,ea-drop-api,FC26_20250921-carryover,fc27,2026-08-28T09:08:58.508Z,,,,,257859:BASE,BASE_LAUNCH
258040,Giannis Papanikolaou,Giannis,Papanikolaou,,1998-11-18,27,Greece,Greece,22,182,73,Çaykur Rizespor,101037,Trendyol Süper Lig,,CDM,"CDM, CM, CB","CM, CB",Midfielder,Right,68,71,72,76,69,56,56,57,58,40,46,62,63,63,55,45,68,67,63,67,72,74,67,67,66,63,68,57,62,64,59,76,76,81,73,75,3,2,6,15,11,9,10,,,,,,,Men's Football,0,ea-drop-api,258040,https://www.ea.com/games/ea-sports-fc/ratings?playerId=258040,ea-drop-api,ea-drop-api,FC26_20250921-carryover,fc27,2026-08-28T09:08:58.508Z,caykur-rizespor,Çaykur Rizespor,tur,fc27,258040:BASE,BASE_LAUNCH
258250,Nikodem Niski,Nikodem,Niski,,2002-04-14,24,Poland,Poland,37,182,76,Korona Kielce,111083,PKO BP Ekstraklasa,,LM,"LM, RM, LW, LB","RM, LW, LB",Midfielder,Right,61,66,74,75,73,52,56,54,48,39,41,54,55,54,58,42,58,50,46,60,66,65,54,62,42,51,51,45,52,52,52,60,59,74,55,54,3,3,11,11,13,7,14,,,,,,,Men's Football,0,ea-drop-api,258250,https://www.ea.com/games/ea-sports-fc/ratings?playerId=258250,ea-drop-api,ea-drop-api,FC26_20250921-carryover,fc27,2026-08-28T09:08:58.508Z,korona-kielce,Korona Kielce,pol,fc27,258250:BASE,BASE_LAUNCH
258446,Matthéo Xantippe,Matthéo,Xantippe,,2002-04-11,24,France,France,18,183,70,Grenoble Foot 38,1805,Ligue 2 BKT,,LB,"LB, LM",LM,Defense,Left,67,75,71,72,70,38,40,45,25,26,45,45,56,48,68,29,60,54,45,69,71,75,55,71,62,63,60,65,56,67,72,67,74,67,66,69,2,2,9,6,7,8,10,,,,,,,Men's Football,0,ea-drop-api,258446,https://www.ea.com/games/ea-sports-fc/ratings?playerId=258446,ea-drop-api,ea-drop-api,FC26_20250921-carryover,fc27,2026-08-28T09:08:58.508Z,grenoble-foot-38,Grenoble Foot 38,fra-2,fc27,258446:BASE,BASE_LAUNCH
258553,Plamen Galabov,Plamen,Galabov,,1995-11-02,30,Bulgaria,Bulgaria,9,187,79,Dundee FC,180,Scottish Prem,,CB,"CB, RB",RB,Defense,Right,63,64,64,62,66,41,38,39,45,45,43,47,45,51,36,41,52,39,22,48,61,67,66,46,55,63,61,67,58,66,65,69,73,69,71,62,3,2,7,12,9,8,9,,,,,,,Men's Football,0,ea-drop-api,258553,https://www.ea.com/games/ea-sports-fc/ratings?playerId=258553,ea-drop-api,ea-drop-api,FC26_20250921-carryover,fc27,2026-08-28T09:08:58.508Z,dundee,Dundee FC,sco,fc27,258553:BASE,BASE_LAUNCH
258684,Salinas,José,Salinas Morán,Salinas,2000-09-30,25,Spain,Spain,45,179,69,RCD Espanyol,452,LALIGA EA SPORTS,,LB,"LB, LM",LM,Defense,Left,72,79,77,75,79,56,50,73,58,45,32,66,65,66,70,34,65,63,68,69,66,65,68,70,64,69,69,64,71,69,68,67,70,79,58,73,2,2,15,6,9,13,9,,,,,,,Men's Football,0,ea-drop-api,258684,https://www.ea.com/games/ea-sports-fc/ratings?playerId=258684,ea-drop-api,ea-drop-api,FC26_20250921-carryover,fc27,2026-08-28T09:08:58.508Z,espanyol,RCD Espanyol,esp,fc27,258684:BASE,BASE_LAUNCH
258775,Luka Sučić,Luka,Sučić,,2002-09-08,23,Croatia,Croatia,10,185,71,Real Sociedad,457,LALIGA EA SPORTS,,CM,"CM, CAM, CDM","CAM, CDM",Midfielder,Left,78,86,76,80,73,76,73,84,77,72,65,78,78,78,75,74,80,78,77,77,73,65,76,79,77,68,73,62,65,70,67,72,78,77,72,65,3,4,15,12,10,11,7,,,,,"Power Shot, Incisive Pass, Technical",,Men's Football,0,ea-drop-api,258775,https://www.ea.com/games/ea-sports-fc/ratings?playerId=258775,ea-drop-api,ea-drop-api,FC26_20250921-carryover,fc27,2026-08-28T09:08:58.508Z,real-sociedad,Real Sociedad,esp,fc27,258775:BASE,BASE_LAUNCH
258903,Max Dyche,Max,Dyche,,2003-02-22,23,England,England,14,186,83,Northampton,1930,EFL League One,,CB,CB,,Defense,Right,61,73,69,70,69,37,28,55,40,28,35,42,46,46,34,28,55,51,24,50,62,64,62,48,54,59,57,57,60,60,57,74,75,72,79,66,4,2,10,5,12,7,8,,,,,,,Men's Football,0,ea-drop-api,258903,https://www.ea.com/games/ea-sports-fc/ratings?playerId=258903,ea-drop-api,ea-drop-api,FC26_20250921-carryover,fc27,2026-08-28T09:08:58.508Z,northampton,Northampton,eng-3,fc27,258903:BASE,BASE_LAUNCH
259011,Zito Luvumbo,Zito André,Sebastião Luvumbo,Zito Luvumbo,2002-03-09,24,Angola,Angola,98,174,76,Cagliari,1842,Serie A Enilive,,ST,"ST, LM, CAM","LM, CAM",Attack,Left,71,78,86,89,83,69,71,74,65,66,60,68,64,64,70,45,67,50,71,76,89,82,70,70,64,44,45,61,40,42,40,66,77,71,60,73,2,3,6,9,10,12,6,,,,,Quick Step,,Men's Football,0,ea-drop-api,259011,https://www.ea.com/games/ea-sports-fc/ratings?playerId=259011,ea-drop-api,ea-drop-api,FC26_20250921-carryover,fc27,2026-08-28T09:08:58.508Z,cagliari,Cagliari,ita,fc27,259011:BASE,BASE_LAUNCH
259147,Ross Graham,Ross,Graham,,2001-02-23,25,Scotland,Scotland,42,187,70,Dundee United,181,Scottish Prem,,CB,CB,,Defense,Left,64,73,48,49,47,39,35,54,31,32,55,30,44,34,29,30,58,51,42,51,54,52,64,56,52,65,62,67,65,66,64,64,65,62,66,62,2,2,13,11,8,11,9,,,,,Long Throw,,Men's Football,0,ea-drop-api,259147,https://www.ea.com/games/ea-sports-fc/ratings?playerId=259147,ea-drop-api,ea-drop-api,FC26_20250921-carryover,fc27,2026-08-28T09:08:58.508Z,dundee-united,Dundee United,sco,fc27,259147:BASE,BASE_LAUNCH
259261,Baba Alhassan,Baba,Alhassan,,2000-01-03,26,Ghana,Ghana,117,187,75,FCSB,100761,SUPERLIGA,,CM,"CM, CDM, CB","CDM, CB",Midfielder,Right,65,69,80,81,80,65,62,80,63,59,53,61,60,63,49,55,65,60,57,66,71,70,67,66,65,61,64,57,54,65,64,79,82,80,80,74,2,3,12,11,13,9,9,,,,,Slide Tackle,,Men's Football,0,ea-drop-api,259261,https://www.ea.com/games/ea-sports-fc/ratings?playerId=259261,ea-drop-api,ea-drop-api,FC26_20250921-carryover,fc27,2026-08-28T09:08:58.508Z,fcsb,FCSB,rou,fc27,259261:BASE,BASE_LAUNCH
259399,Rasmus Højlund,Rasmus,Højlund,,2003-02-04,23,Denmark,Denmark,13,191,79,SSC Napoli,48,Serie A Enilive,,ST,ST,,Attack,Left,76,83,85,84,86,76,77,84,70,68,71,75,58,60,38,48,73,49,60,72,64,62,73,73,72,33,28,71,32,28,19,79,90,70,82,82,3,3,12,8,9,14,7,,,,,"Rapid, Quick Step",,Men's Football,0,ea-drop-api,259399,https://www.ea.com/games/ea-sports-fc/ratings?playerId=259399,ea-drop-api,ea-drop-api,FC26_20250921-carryover,fc27,2026-08-28T09:08:58.508Z,napoli,SSC Napoli,ita,fc27,259399:BASE,BASE_LAUNCH
259559,Tim Breithaupt,Tim,Breithaupt,,2002-02-07,24,Germany,Germany,21,186,70,Düsseldorf,110636,Bundesliga 2,,CDM,"CDM, CM, CB","CM, CB",Midfielder,Right,69,76,53,45,59,41,32,47,58,44,40,29,60,65,40,34,73,68,39,59,57,41,64,64,58,69,66,59,75,69,65,68,63,71,71,58,3,2,11,10,12,8,10,,,,,,,Men's Football,0,ea-drop-api,259559,https://www.ea.com/games/ea-sports-fc/ratings?playerId=259559,ea-drop-api,ea-drop-api,FC26_20250921-carryover,fc27,2026-08-28T09:08:58.508Z,dusseldorf,Düsseldorf,ger-2,fc27,259559:BASE,BASE_LAUNCH
259659,Elsar Rodas,Elsar,Rodas,,1994-02-28,32,Peru,Peru,59,165,67,,,Sudamericana,,LB,"LB, LM",LM,Defense,Left,66,66,71,75,68,25,20,26,29,25,33,51,56,35,65,34,66,60,42,59,65,90,60,60,46,62,63,64,64,60,61,49,59,65,41,45,2,2,6,14,10,10,13,,,,,,,Men's Football,0,ea-drop-api,259659,https://www.ea.com/games/ea-sports-fc/ratings?playerId=259659,ea-drop-api,ea-drop-api,FC26_20250921-carryover,fc27,2026-08-28T09:08:58.508Z,,,,,259659:BASE,BASE_LAUNCH
259786,Federico Vera,Federico,Vera,,1998-03-24,28,Argentina,Argentina,52,178,74,Independiente,110093,LPF,,RB,"RB, RM",RM,Defense,Right,70,71,87,81,92,41,29,62,42,37,40,60,60,57,70,37,62,58,52,72,85,75,59,70,67,61,60,56,56,66,64,71,75,83,69,62,3,3,11,8,10,9,9,,,,,Rapid,,Men's Football,0,ea-drop-api,259786,https://www.ea.com/games/ea-sports-fc/ratings?playerId=259786,ea-drop-api,ea-drop-api,FC26_20250921-carryover,fc27,2026-08-28T09:08:58.508Z,independiente,Independiente,arg,fc27,259786:BASE,BASE_LAUNCH
259941,Jorge Murrugarra,Jorge,Murrugarra,,1997-03-22,29,Peru,Peru,59,177,77,,,Libertadores,,CDM,"CDM, CM",CM,Midfielder,Right,67,68,58,60,57,51,51,60,50,33,44,38,60,63,43,55,71,65,37,60,58,69,62,67,48,62,66,42,62,66,61,66,55,66,68,66,2,2,9,6,6,9,8,,,,,,,Men's Football,0,ea-drop-api,259941,https://www.ea.com/games/ea-sports-fc/ratings?playerId=259941,ea-drop-api,ea-drop-api,FC26_20250921-carryover,fc27,2026-08-28T09:08:58.508Z,,,,,259941:BASE,BASE_LAUNCH
260140,Ronaldo Martínez,Ronaldo,Martínez,,1996-04-25,30,Paraguay,Paraguay,58,174,71,Platense,112689,LPF,,ST,"ST, RM, RW","RM, RW",Attack,Right,67,67,74,73,74,68,71,68,61,63,64,68,47,51,25,41,57,49,42,67,63,77,64,66,56,20,12,64,13,18,15,57,73,52,64,43,3,3,8,11,9,6,8,,,,,,,Men's Football,0,ea-drop-api,260140,https://www.ea.com/games/ea-sports-fc/ratings?playerId=260140,ea-drop-api,ea-drop-api,FC26_20250921-carryover,fc27,2026-08-28T09:08:58.508Z,platense,Platense,arg,fc27,260140:BASE,BASE_LAUNCH
260282,Takahiro Akimoto,Takahiro,Akimoto,,1998-01-31,28,Japan,Japan,163,170,65,OH Leuven,100087,1A Pro League,,LB,"LB, LM, LW","LM, LW",Defense,Left,69,69,76,82,71,65,66,68,63,62,65,62,65,58,69,62,70,57,63,69,75,82,62,69,60,61,56,65,59,65,64,73,79,81,69,69,2,2,7,14,9,6,6,,,,,,,Men's Football,0,ea-drop-api,260282,https://www.ea.com/games/ea-sports-fc/ratings?playerId=260282,ea-drop-api,ea-drop-api,FC26_20250921-carryover,fc27,2026-08-28T09:08:58.508Z,oh-leuven,OH Leuven,bel,fc27,260282:BASE,BASE_LAUNCH
260466,İsmail Yüksek,İsmail,Yüksek,,1999-01-26,27,Turkey,Turkey,48,183,77,Fenerbahçe,326,Trendyol Süper Lig,,CDM,"CDM, CM",CM,Midfielder,Right,77,79,74,76,72,59,53,72,66,45,48,62,70,68,63,58,76,75,69,73,77,69,71,77,64,74,79,70,70,77,75,78,80,85,74,80,3,3,13,15,8,14,13,,,,,"Jockey, Slide Tackle, Aerial Fortress",,Men's Football,0,ea-drop-api,260466,https://www.ea.com/games/ea-sports-fc/ratings?playerId=260466,ea-drop-api,ea-drop-api,FC26_20250921-carryover,fc27,2026-08-28T09:08:58.508Z,fenerbahce,Fenerbahçe SK,tur,fc27,260466:BASE,BASE_LAUNCH
260601,Exequiel Zeballos,Exequiel,Zeballos,,2002-04-24,24,Argentina,Argentina,52,170,68,Boca Juniors,1877,LPF,,RM,"RM, RW, LW","RW, LW",Midfielder,Right,74,83,88,86,90,64,60,70,65,52,66,72,66,70,70,70,66,57,65,79,90,83,73,75,75,30,28,30,25,35,30,51,51,75,43,40,3,5,5,11,11,6,8,,,,,"Technical, Trickster",,Men's Football,0,ea-drop-api,260601,https://www.ea.com/games/ea-sports-fc/ratings?playerId=260601,ea-drop-api,ea-drop-api,FC26_20250921-carryover,fc27,2026-08-28T09:08:58.508Z,boca-juniors,Boca Juniors,arg,fc27,260601:BASE,BASE_LAUNCH
260818,Priestley Farquharson,Priestley,Farquharson,,1997-03-15,29,England,England,14,191,93,Walsall,1803,EFL League Two,,CB,CB,,Defense,Right,62,62,62,65,60,33,33,47,21,22,36,32,38,30,30,20,49,44,26,41,45,34,57,41,54,61,60,62,61,61,59,74,72,53,88,65,3,2,12,8,12,9,12,,,,,"Anticipate, Long Throw, Bruiser",,Men's Football,0,ea-drop-api,260818,https://www.ea.com/games/ea-sports-fc/ratings?playerId=260818,ea-drop-api,ea-drop-api,FC26_20250921-carryover,fc27,2026-08-28T09:08:58.508Z,walsall,Walsall,eng-4,fc27,260818:BASE,BASE_LAUNCH
261004,Amankwah Forson,Amankwah,Forson,,2002-12-31,23,Ghana,Ghana,117,173,65,Norwich,1792,EFL Championship,,CM,"CM, CAM, RW","CAM, RW",Midfielder,Left,69,76,86,87,86,60,60,58,64,52,52,68,69,70,65,65,72,68,70,75,85,85,71,72,67,57,59,48,55,61,59,50,57,63,43,51,3,3,7,9,8,10,9,,,,,"Finesse Shot, Whipped Pass, Rapid",,Men's Football,0,ea-drop-api,261004,https://www.ea.com/games/ea-sports-fc/ratings?playerId=261004,ea-drop-api,ea-drop-api,FC26_20250921-carryover,fc27,2026-08-28T09:08:58.508Z,norwich,Norwich,eng-2,fc27,261004:BASE,BASE_LAUNCH
261114,Benjamin Kikanović,Benjamin,Kikanović,,2000-01-06,26,USA,United States,95,183,75,SJ Earthquakes,111928,MLS,,LM,"LM, LW, ST, LB","LW, ST, LB",Midfielder,Right,64,67,87,88,87,58,60,63,49,49,53,61,49,42,58,29,59,37,35,64,62,64,65,62,49,24,19,59,20,23,12,63,81,63,71,38,3,3,15,13,13,6,6,,,,,,,Men's Football,0,ea-drop-api,261114,https://www.ea.com/games/ea-sports-fc/ratings?playerId=261114,ea-drop-api,ea-drop-api,FC26_20250921-carryover,fc27,2026-08-28T09:08:58.508Z,san-jose-earthquakes,San Jose Earthquakes,mls,fc27,261114:BASE,BASE_LAUNCH
261245,Dani Pereira,Daniel,Pereira,Dani Pereira,2000-07-14,26,Venezuela,Venezuela,61,175,68,Austin FC,114161,MLS,,CM,"CM, CDM, CB","CDM, CB",Midfielder,Right,67,72,80,82,79,53,50,59,55,46,45,64,64,66,49,50,73,68,58,72,75,77,64,69,72,60,61,38,65,61,59,64,59,72,56,75,3,3,13,7,10,7,12,,,,,Rapid,,Men's Football,0,ea-drop-api,261245,https://www.ea.com/games/ea-sports-fc/ratings?playerId=261245,ea-drop-api,ea-drop-api,FC26_20250921-carryover,fc27,2026-08-28T09:08:58.508Z,austin-fc,Austin FC,mls,fc27,261245:BASE,BASE_LAUNCH
261377,Rafael Lutiger,Rafael,Lutiger,,2001-07-03,25,Peru,Peru,59,188,79,,,Libertadores,,CB,CB,,Defense,Left,67,75,60,58,61,40,44,37,31,38,60,26,47,33,33,26,64,57,22,45,46,54,55,55,48,69,69,66,70,70,63,71,72,74,73,62,3,2,12,10,7,6,15,,,,,,,Men's Football,0,ea-drop-api,261377,https://www.ea.com/games/ea-sports-fc/ratings?playerId=261377,ea-drop-api,ea-drop-api,FC26_20250921-carryover,fc27,2026-08-28T09:08:58.508Z,,,,,261377:BASE,BASE_LAUNCH
261582,Song Jun Seok,Jun Seok,Song,Song Jun Seok,2001-02-06,25,South Korea,Korea Republic,167,174,68,Gangwon FC,112115,K League 1,,LB,"LB, LM",LM,Defense,Left,61,68,70,69,70,40,28,52,55,28,32,52,52,46,59,45,56,45,52,58,66,80,58,60,49,56,57,45,57,58,55,61,55,69,55,68,3,2,10,12,10,9,13,,,,,Enforcer,,Men's Football,0,ea-drop-api,261582,https://www.ea.com/games/ea-sports-fc/ratings?playerId=261582,ea-drop-api,ea-drop-api,FC26_20250921-carryover,fc27,2026-08-28T09:08:58.508Z,gangwon-fc,Gangwon FC,kor,fc27,261582:BASE,BASE_LAUNCH
261769,Aarón Quirós,Aarón,Quirós,,2001-10-31,24,Argentina,Argentina,52,178,72,Vélez Sarsfield,101088,LPF,,CB,"CB, LB, LM","LB, LM",Defense,Left,70,76,70,71,69,49,48,60,43,35,43,55,61,59,51,60,69,63,57,66,59,77,70,70,67,69,70,70,73,66,67,70,82,67,64,84,2,2,12,6,10,7,7,,,,,Long Throw,,Men's Football,0,ea-drop-api,261769,https://www.ea.com/games/ea-sports-fc/ratings?playerId=261769,ea-drop-api,ea-drop-api,FC26_20250921-carryover,fc27,2026-08-28T09:08:58.508Z,velez-sarsfield,Vélez Sarsfield,arg,fc27,261769:BASE,BASE_LAUNCH
261885,Juan Cruz Guasone,Juan Cruz,Guasone,,2001-03-27,25,Argentina,Argentina,52,192,94,Estudiantes,101083,LPF,,CB,CB,,Defense,Right,66,72,53,56,51,25,18,42,23,25,30,28,37,26,33,27,50,33,26,40,35,35,63,47,56,65,62,70,61,69,64,75,81,51,92,60,2,2,5,8,15,14,11,,,,,,,Men's Football,0,ea-drop-api,261885,https://www.ea.com/games/ea-sports-fc/ratings?playerId=261885,ea-drop-api,ea-drop-api,FC26_20250921-carryover,fc27,2026-08-28T09:08:58.508Z,estudiantes-de-la-plata,Estudiantes de La Plata,arg,fc27,261885:BASE,BASE_LAUNCH
262045,William Mikelbrencis,William,Mikelbrencis,,2004-02-25,22,France,France,18,176,64,Hamburger SV,28,Bundesliga,,RB,"RB, RM",RM,Defense,Right,67,81,78,77,78,38,30,57,33,33,44,56,59,55,64,33,64,60,45,63,74,81,58,61,54,62,59,55,61,65,68,59,65,69,53,60,2,2,14,9,7,11,10,,,,,,,Men's Football,0,ea-drop-api,262045,https://www.ea.com/games/ea-sports-fc/ratings?playerId=262045,ea-drop-api,ea-drop-api,FC26_20250921-carryover,fc27,2026-08-28T09:08:58.508Z,hamburger-sv,Hamburger SV,ger-2,fc27,262045:BASE,BASE_LAUNCH
262141,Alexandro Calut,Alexandro,Calut,,2003-04-22,23,Belgium,Belgium,7,180,68,Standard Liège,232,1A Pro League,,LB,"LB, LM",LM,Defense,Left,60,71,68,72,64,29,22,41,30,20,45,32,52,44,54,30,59,55,48,58,75,73,50,57,56,56,54,50,55,59,60,60,62,61,58,62,3,2,13,8,11,10,12,,,,,,,Men's Football,0,ea-drop-api,262141,https://www.ea.com/games/ea-sports-fc/ratings?playerId=262141,ea-drop-api,ea-drop-api,FC26_20250921-carryover,fc27,2026-08-28T09:08:58.508Z,standard-liege,Standard Liège,bel,fc27,262141:BASE,BASE_LAUNCH
262268,Guilherme Soares,Guilherme,Araújo Soares,Guilherme Soares,2001-02-08,25,Portugal,Portugal,38,186,80,FC Petrolul,110078,SUPERLIGA,,CB,"CB, RB, RM","RB, RM",Defense,Right,66,70,59,58,60,38,40,52,21,33,39,30,45,30,33,28,60,54,32,49,57,59,65,56,54,67,65,64,66,69,67,70,73,63,76,64,2,2,6,7,12,15,7,,,,,,,Men's Football,0,ea-drop-api,262268,https://www.ea.com/games/ea-sports-fc/ratings?playerId=262268,ea-drop-api,ea-drop-api,FC26_20250921-carryover,fc27,2026-08-28T09:08:58.508Z,petrolul-ploiesti,Petrolul Ploiești,rou,fc27,262268:BASE,BASE_LAUNCH
262400,Bradly van Hoeven,Bradly,van Hoeven,,2000-04-17,26,Netherlands,Holland,34,174,69,Motor Lublin,111097,PKO BP Ekstraklasa,,LM,"LM, LW, RM","LW, RM",Midfielder,Left,64,67,70,72,69,57,59,60,52,48,63,59,61,58,63,46,65,59,63,67,76,79,46,66,54,36,28,46,33,40,36,50,53,58,48,43,3,3,8,7,8,12,13,,,,,,,Men's Football,0,ea-drop-api,262400,https://www.ea.com/games/ea-sports-fc/ratings?playerId=262400,ea-drop-api,ea-drop-api,FC26_20250921-carryover,fc27,2026-08-28T09:08:58.508Z,motor-lublin,Motor Lublin,pol,fc27,262400:BASE,BASE_LAUNCH
262523,Max Cleworth,Max,Cleworth,,2002-08-09,24,England,England,14,191,87,Wrexham,1947,EFL Championship,,CB,CB,,Defense,Right,68,76,67,66,67,29,28,38,24,24,30,32,49,58,31,23,58,57,31,59,58,57,66,61,65,67,67,69,67,67,65,74,78,73,78,65,3,2,12,10,12,8,11,,,,,,,Men's Football,0,ea-drop-api,262523,https://www.ea.com/games/ea-sports-fc/ratings?playerId=262523,ea-drop-api,ea-drop-api,FC26_20250921-carryover,fc27,2026-08-28T09:08:58.508Z,wrexham,Wrexham,eng-3,fc27,262523:BASE,BASE_LAUNCH
262620,Serginho,Sergio Antonio,da Luz Junior,Serginho,1995-04-06,31,Brazil,Brazil,54,180,76,,,Trendyol Süper Lig,,RM,"RM, LM, RW","LM, RW",Midfielder,Right,67,67,68,67,69,65,66,68,60,58,61,66,64,64,66,64,66,58,69,69,61,73,54,70,59,37,25,53,38,38,34,64,65,63,69,54,3,3,6,8,7,8,11,,,,,Technical,,Men's Football,0,ea-drop-api,262620,https://www.ea.com/games/ea-sports-fc/ratings?playerId=262620,ea-drop-api,ea-drop-api,FC26_20250921-carryover,fc27,2026-08-28T09:08:58.508Z,,,,,262620:BASE,BASE_LAUNCH
262733,Niklas Jensen Wassberg,Niklas Jensen,Wassberg,,2004-06-12,22,Norway,Norway,36,178,63,SK Brann,919,Eliteserien,,CM,"CM, LW, CAM","LW, CAM",Midfielder,Left,64,78,68,69,67,59,61,61,59,44,51,65,61,64,57,44,64,62,57,67,76,86,61,66,64,59,60,57,58,61,59,53,52,70,40,65,2,3,13,15,9,13,10,,,,,,,Men's Football,0,ea-drop-api,262733,https://www.ea.com/games/ea-sports-fc/ratings?playerId=262733,ea-drop-api,ea-drop-api,FC26_20250921-carryover,fc27,2026-08-28T09:08:58.508Z,brann,SK Brann,nor,fc27,262733:BASE,BASE_LAUNCH
262866,Kyra Cooney-Cross,Kyra,Cooney-Cross,,2002-02-15,24,Australia,Australia,195,164,58,Arsenal,116009,Barclays WSL,,CDM,"CDM, CM",CM,Midfielder,Right,77,,75,73,76,75,76,75,76,74,66,79,77,79,63,68,83,81,73,76,77,82,78,79,75,70,77,53,76,68,65,71,68,82,66,70,3,3,13,10,12,9,5,,,,,,,Women's Football,1,ea-drop-api,262866,https://www.ea.com/games/ea-sports-fc/ratings?playerId=262866,ea-drop-api,ea-drop-api,,fc27,2026-08-28T09:08:58.508Z,,,,,262866:BASE,BASE_LAUNCH
262984,Kevin Schumacher,Kevin,Schumacher,,1997-12-24,28,Germany,Germany,21,182,72,VfL Osnabrück,487,3. Liga,,LM,"LM, LB",LB,Midfielder,Left,64,64,83,86,80,60,56,70,60,60,52,55,57,55,62,52,56,52,62,64,68,67,60,61,49,33,28,56,29,33,30,69,77,78,67,63,3,2,12,9,7,11,14,,,,,Rapid,,Men's Football,0,ea-drop-api,262984,https://www.ea.com/games/ea-sports-fc/ratings?playerId=262984,ea-drop-api,ea-drop-api,FC26_20250921-carryover,fc27,2026-08-28T09:08:58.508Z,vfl-osnabruck,VfL Osnabrück,ger-3,fc27,262984:BASE,BASE_LAUNCH
263068,Lawrence Ennali,Lawrence,Ennali,,2002-03-07,24,Germany,Germany,21,172,65,Houston Dynamo,698,MLS,,LM,"LM, RM, LW","RM, LW",Midfielder,Right,64,73,90,89,90,59,62,62,55,53,51,56,54,55,59,40,56,49,39,70,87,90,50,66,55,28,26,46,23,31,22,47,60,50,47,40,2,3,6,7,12,13,7,,,,,Rapid,,Men's Football,0,ea-drop-api,263068,https://www.ea.com/games/ea-sports-fc/ratings?playerId=263068,ea-drop-api,ea-drop-api,FC26_20250921-carryover,fc27,2026-08-28T09:08:58.508Z,houston-dynamo,Houston Dynamo,mls,fc27,263068:BASE,BASE_LAUNCH
263193,El Chadaille Bitshiabu,El Chadaille,Bitshiabu,,2005-05-16,21,France,France,18,196,95,RB Leipzig,112172,Bundesliga,,CB,CB,,Defense,Left,75,87,72,55,85,36,26,73,23,21,38,35,60,62,47,30,69,67,51,56,44,32,71,62,61,74,71,76,74,76,69,79,85,56,92,73,3,2,10,12,13,13,7,,,,,Pinged Pass,,Men's Football,0,ea-drop-api,263193,https://www.ea.com/games/ea-sports-fc/ratings?playerId=263193,ea-drop-api,ea-drop-api,FC26_20250921-carryover,fc27,2026-08-28T09:08:58.508Z,rb-leipzig,RB Leipzig,ger,fc27,263193:BASE,BASE_LAUNCH
263306,Andrei Dragu,Andrei,Dragu,,1999-10-07,26,Romania,Romania,39,171,65,,,SUPERLIGA,,LB,"LB, LM",LM,Defense,Left,60,64,80,81,80,50,51,55,48,35,38,52,54,50,56,30,59,53,53,63,76,70,55,61,53,53,53,40,53,55,56,56,56,60,54,57,3,3,6,9,6,7,15,,,,,,,Men's Football,0,ea-drop-api,263306,https://www.ea.com/games/ea-sports-fc/ratings?playerId=263306,ea-drop-api,ea-drop-api,FC26_20250921-carryover,fc27,2026-08-28T09:08:58.508Z,,,,,263306:BASE,BASE_LAUNCH
263434,Facundo Mansilla,Facundo,Mansilla,,1999-02-27,27,Argentina,Argentina,52,190,79,Central Córdoba,112965,LPF,,CB,"CB, LB, LM","LB, LM",Defense,Left,68,73,53,51,55,31,28,43,25,32,46,26,44,31,34,32,57,53,30,54,49,53,64,59,51,70,74,67,68,72,67,68,69,59,72,67,3,2,5,5,11,12,15,,,,,Aerial Fortress,,Men's Football,0,ea-drop-api,263434,https://www.ea.com/games/ea-sports-fc/ratings?playerId=263434,ea-drop-api,ea-drop-api,FC26_20250921-carryover,fc27,2026-08-28T09:08:58.508Z,central-cordoba-sde,Central Cordoba SdE,arg,fc27,263434:BASE,BASE_LAUNCH
263614,Arian Llugiqi,Arian,Llugiqi,,2002-10-24,23,Kosovo,Kosovo,219,187,80,TSG Hoffenheim II,110685,3. Liga,,CAM,"CAM, LM, CM","LM, CM",Midfielder,Left,60,67,70,69,71,57,58,62,54,44,55,59,56,51,57,30,62,59,38,61,57,52,61,64,53,35,29,55,33,35,37,65,71,55,74,52,3,3,12,8,9,13,9,,,,,,,Men's Football,0,ea-drop-api,263614,https://www.ea.com/games/ea-sports-fc/ratings?playerId=263614,ea-drop-api,ea-drop-api,FC26_20250921-carryover,fc27,2026-08-28T09:08:58.508Z,,,,,263614:BASE,BASE_LAUNCH
263702,Samuel Adeniran,Samuel,Adeniran,,1998-09-30,27,USA,United States,95,196,91,LASK,252,Ö. Bundesliga,,ST,ST,,Attack,Left,63,67,55,58,52,65,67,77,53,57,56,66,45,46,41,38,54,34,42,49,46,31,52,52,51,25,23,68,19,19,18,74,79,63,86,55,2,2,11,12,6,9,10,,,,,"Precision Header, Enforcer",,Men's Football,0,ea-drop-api,263702,https://www.ea.com/games/ea-sports-fc/ratings?playerId=263702,ea-drop-api,ea-drop-api,FC26_20250921-carryover,fc27,2026-08-28T09:08:58.508Z,lask,LASK,aut,fc27,263702:BASE,BASE_LAUNCH
263815,Abner Vinícius,Abner Vinícius,da Silva Santos,Abner Vinícius,2000-05-27,26,Brazil,Brazil,54,182,74,OL,66,Ligue 1 McDonald's,,LB,"LB, LM",LM,Defense,Left,74,77,79,78,79,58,55,72,51,53,42,72,72,67,76,37,75,74,75,74,79,73,70,74,73,68,67,54,65,74,73,65,69,69,61,69,2,3,11,13,10,14,9,,,,,Whipped Pass,,Men's Football,0,ea-drop-api,263815,https://www.ea.com/games/ea-sports-fc/ratings?playerId=263815,ea-drop-api,ea-drop-api,FC26_20250921-carryover,fc27,2026-08-28T09:08:58.508Z,lyon,Olympique Lyonnais,fra,fc27,263815:BASE,BASE_LAUNCH
263938,Isaac Ogundere,Isaac,Ogundere,,2002-11-06,23,England,England,14,177,69,AFC Wimbledon,112259,EFL League One,,CB,"CB, RB, RM","RB, RM",Defense,Right,60,68,80,79,80,34,33,34,30,31,45,43,49,36,57,44,55,47,44,61,78,74,59,57,55,58,56,54,59,61,57,67,72,69,70,57,2,2,13,15,10,9,8,,,,,,,Men's Football,0,ea-drop-api,263938,https://www.ea.com/games/ea-sports-fc/ratings?playerId=263938,ea-drop-api,ea-drop-api,FC26_20250921-carryover,fc27,2026-08-28T09:08:58.508Z,afc-wimbledon,AFC Wimbledon,eng-4,fc27,263938:BASE,BASE_LAUNCH
264056,Liu Junxian,Junxian,Liu,Liu Junxian,2001-01-25,25,China PR,China PR,155,180,68,Tianjin JMT FC,111774,CSL,,ST,"ST, CM",CM,Attack,Right,49,56,58,56,59,51,55,50,43,43,54,50,36,41,31,34,38,30,36,51,68,80,51,42,40,17,16,48,12,12,15,40,37,40,43,32,3,2,14,12,6,7,12,,,,,,,Men's Football,0,ea-drop-api,264056,https://www.ea.com/games/ea-sports-fc/ratings?playerId=264056,ea-drop-api,ea-drop-api,FC26_20250921-carryover,fc27,2026-08-28T09:08:58.508Z,,,,,264056:BASE,BASE_LAUNCH
264176,Kevin,Kevin,Villodres Medina,Kevin,2001-02-26,25,Spain,Spain,45,173,69,Córdoba CF,1867,LALIGA HYPERMOTION,,LW,"LW, LM",LM,Attack,Right,68,73,81,82,80,57,57,60,55,55,50,57,61,65,60,60,60,57,67,77,85,86,68,76,69,33,33,33,33,33,31,45,47,55,37,54,5,3,8,13,6,8,14,,,,,"Finesse Shot, Inventive",,Men's Football,0,ea-drop-api,264176,https://www.ea.com/games/ea-sports-fc/ratings?playerId=264176,ea-drop-api,ea-drop-api,FC26_20250921-carryover,fc27,2026-08-28T09:08:58.508Z,cordoba-cf,Córdoba CF,esp-2,fc27,264176:BASE,BASE_LAUNCH
264269,Aaron Donnelly,Aaron,Donnelly,,2003-06-08,23,Northern Ireland,Northern Ireland,35,185,80,Dundee FC,180,Scottish Prem,,CB,CB,,Defense,Left,63,72,65,67,63,40,30,66,38,27,41,42,54,42,55,37,61,58,48,61,67,67,62,61,55,64,65,67,63,64,61,62,67,70,58,63,2,2,5,14,6,5,10,,,,,"Block, Long Throw",,Men's Football,0,ea-drop-api,264269,https://www.ea.com/games/ea-sports-fc/ratings?playerId=264269,ea-drop-api,ea-drop-api,FC26_20250921-carryover,fc27,2026-08-28T09:08:58.508Z,dundee,Dundee FC,sco,fc27,264269:BASE,BASE_LAUNCH
264349,James McAtee,James,McAtee,,2002-10-18,23,England,England,14,180,72,Nott'm Forest,14,Premier League,,RW,"RW, CM, RM","CM, RM",Attack,Left,73,81,72,72,72,69,71,69,69,53,58,72,70,71,70,56,72,67,67,75,77,72,72,77,72,41,33,42,44,42,43,59,60,65,62,43,3,3,12,6,6,10,11,,,,,"Technical, First Touch",,Men's Football,0,ea-drop-api,264349,https://www.ea.com/games/ea-sports-fc/ratings?playerId=264349,ea-drop-api,ea-drop-api,FC26_20250921-carryover,fc27,2026-08-28T09:08:58.508Z,nottingham-forest,Nottingham Forest,eng,fc27,264349:BASE,BASE_LAUNCH
264449,Étienne Youté Kinkoué,Étienne,Youté Kinkoué,,2002-01-14,24,France,France,18,195,91,Havre AC,1738,Ligue 1 McDonald's,,CB,CB,,Defense,Right,72,79,55,51,59,31,29,43,22,34,38,31,50,46,29,27,65,57,52,47,53,40,69,56,65,70,69,69,68,74,70,80,77,63,90,75,3,2,9,8,10,6,15,,,,,Intercept,,Men's Football,0,ea-drop-api,264449,https://www.ea.com/games/ea-sports-fc/ratings?playerId=264449,ea-drop-api,ea-drop-api,FC26_20250921-carryover,fc27,2026-08-28T09:08:58.508Z,le-havre,Le Havre AC,fra,fc27,264449:BASE,BASE_LAUNCH
264588,Luis Miguel Marquínez,Luis Miguel,Marquínez,,2003-04-10,23,Colombia,Colombia,56,193,83,Atl. Nacional,101100,Libertadores,,GK,GK,,Defense,Left,67,79,69,35,36,64,7,45,6,9,12,5,60,28,32,13,28,20,15,69,34,33,66,21,23,35,15,13,8,15,12,63,57,43,60,33,2,1,69,64,60,63,69,,,,,,,Men's Football,0,ea-drop-api,264588,https://www.ea.com/games/ea-sports-fc/ratings?playerId=264588,ea-drop-api,ea-drop-api,FC26_20250921-carryover,fc27,2026-08-28T09:08:58.508Z,,,,,264588:BASE,BASE_LAUNCH
264746,Harry Leonard,Harry,Leonard,,2003-09-12,22,England,England,14,184,72,Peterborough,1938,EFL League One,,ST,ST,,Attack,Right,65,76,73,75,72,66,67,72,61,55,55,66,51,55,42,36,58,47,49,65,70,72,63,64,62,36,33,60,30,38,29,59,72,63,61,48,4,3,15,14,11,13,11,,,,,,,Men's Football,0,ea-drop-api,264746,https://www.ea.com/games/ea-sports-fc/ratings?playerId=264746,ea-drop-api,ea-drop-api,FC26_20250921-carryover,fc27,2026-08-28T09:08:58.508Z,peterborough,Peterborough,eng-3,fc27,264746:BASE,BASE_LAUNCH
264875,Kerstin Casparij,Kerstin,Casparij,,2000-08-19,26,Netherlands,Holland,34,169,57,Manchester City,116017,Barclays WSL,,RB,"RB, RM",RM,Defense,Right,79,,76,76,76,58,66,57,45,43,47,60,72,59,77,47,80,73,66,74,74,68,76,78,60,77,77,59,78,82,78,62,69,70,58,60,4,3,9,13,10,12,6,,,,,Anticipate,,Women's Football,1,ea-drop-api,264875,https://www.ea.com/games/ea-sports-fc/ratings?playerId=264875,ea-drop-api,ea-drop-api,,fc27,2026-08-28T09:08:58.508Z,,,,,264875:BASE,BASE_LAUNCH
264931,Verena Wieder,Verena,Wieder,,2000-06-26,26,Germany,Germany,21,175,64,SV Werder Bremen,116004,GPFBL,,ST,"ST, LM, LW","LM, LW",Attack,Right,72,,77,76,77,71,72,69,70,75,63,72,69,74,73,59,73,52,64,73,75,52,72,76,62,47,46,68,28,58,47,69,81,64,75,58,2,2,14,11,11,9,11,,,,,,,Women's Football,1,ea-drop-api,264931,https://www.ea.com/games/ea-sports-fc/ratings?playerId=264931,ea-drop-api,ea-drop-api,,fc27,2026-08-28T09:08:58.508Z,,,,,264931:BASE,BASE_LAUNCH
264991,Jana Feldkamp,Jana,Feldkamp,,1998-03-15,28,Germany,Germany,21,171,60,,,GPFBL,,CM,"CM, CDM",CDM,Midfielder,Right,76,,71,70,72,65,66,69,62,47,69,71,77,76,72,70,81,77,71,75,82,84,73,80,69,78,80,77,78,78,74,76,83,80,74,76,3,2,12,12,10,5,15,,,,,"Whipped Pass, Block",,Women's Football,1,ea-drop-api,264991,https://www.ea.com/games/ea-sports-fc/ratings?playerId=264991,ea-drop-api,ea-drop-api,,fc27,2026-08-28T09:08:58.508Z,,,,,264991:BASE,BASE_LAUNCH
265043,Kim Sindermann,Kim,Sindermann,,2001-01-01,25,Germany,Germany,21,170,65,,,GPFBL,,GK,GK,,Defense,Right,66,,65,33,51,64,15,50,10,17,51,14,67,59,21,35,18,17,23,67,43,66,64,12,35,40,11,18,12,14,16,66,61,15,68,11,2,1,65,64,67,66,67,,,,,,,Women's Football,1,ea-drop-api,265043,https://www.ea.com/games/ea-sports-fc/ratings?playerId=265043,ea-drop-api,ea-drop-api,,fc27,2026-08-28T09:08:58.508Z,,,,,265043:BASE,BASE_LAUNCH
265115,Lena Pauels,Lena,Pauels,,1998-02-02,28,Germany,Germany,21,176,66,SL Benfica,131358,Liga Portugal Feminino,,GK,GK,,Defense,Right,73,,72,32,29,72,13,52,19,5,20,8,69,51,11,16,27,18,11,73,33,34,69,20,42,31,15,6,11,13,11,72,56,36,60,29,3,1,72,72,69,72,73,,,,,,,Women's Football,1,ea-drop-api,265115,https://www.ea.com/games/ea-sports-fc/ratings?playerId=265115,ea-drop-api,ea-drop-api,,fc27,2026-08-28T09:08:58.508Z,,,,,265115:BASE,BASE_LAUNCH
265242,Manuela Zinsberger,Manuela,Zinsberger,,1995-10-19,30,Austria,Austria,4,177,67,Arsenal,116009,Barclays WSL,,GK,GK,,Defense,Right,79,,78,48,42,77,18,59,25,12,53,11,78,70,31,24,23,15,19,78,46,62,77,36,56,46,10,6,20,13,16,80,70,22,78,26,4,1,78,77,78,80,78,,,,,"Cross Claimer, Rush Out",,Women's Football,1,ea-drop-api,265242,https://www.ea.com/games/ea-sports-fc/ratings?playerId=265242,ea-drop-api,ea-drop-api,,fc27,2026-08-28T09:08:58.508Z,,,,,265242:BASE,BASE_LAUNCH
265334,Megan Finnigan,Megan,Finnigan,,1998-04-02,28,England,England,14,174,59,Everton,116016,Barclays WSL,,CB,CB,,Defense,Right,74,,55,59,52,43,34,58,45,44,50,41,65,58,43,59,79,73,60,62,61,53,73,70,73,75,72,74,77,75,77,73,77,68,74,74,3,2,8,10,13,7,7,,,,,Block,,Women's Football,1,ea-drop-api,265334,https://www.ea.com/games/ea-sports-fc/ratings?playerId=265334,ea-drop-api,ea-drop-api,,fc27,2026-08-28T09:08:58.508Z,,,,,265334:BASE,BASE_LAUNCH
265465,Matej Maglica,Matej,Maglica,,1998-09-25,27,Croatia,Croatia,10,198,99,SV Darmstadt 98,110502,Bundesliga 2,,CB,CB,,Defense,Left,68,72,46,35,55,52,39,77,62,27,63,33,45,29,40,54,54,51,32,43,34,32,66,50,54,65,62,72,63,68,64,82,78,66,94,74,3,2,7,14,8,9,12,,,,,"Power Shot, Aerial Fortress, Bruiser",,Men's Football,0,ea-drop-api,265465,https://www.ea.com/games/ea-sports-fc/ratings?playerId=265465,ea-drop-api,ea-drop-api,FC26_20250921-carryover,fc27,2026-08-28T09:08:58.508Z,sv-darmstadt-98,SV Darmstadt 98,ger-2,fc27,265465:BASE,BASE_LAUNCH
265626,Mathías Llontop,Mathías,Llontop,,2002-05-22,24,Peru,Peru,59,169,67,,,Sudamericana,,LB,"LB, LM",LM,Defense,Left,65,74,70,71,70,53,55,45,60,35,53,60,57,54,61,55,61,52,37,62,60,63,60,60,55,64,68,59,70,60,55,60,66,63,55,65,3,3,11,14,9,5,6,,,,,,,Men's Football,0,ea-drop-api,265626,https://www.ea.com/games/ea-sports-fc/ratings?playerId=265626,ea-drop-api,ea-drop-api,FC26_20250921-carryover,fc27,2026-08-28T09:08:58.508Z,,,,,265626:BASE,BASE_LAUNCH
265747,Rijk Janse,Rijk,Janse,,2002-04-16,24,Netherlands,Holland,34,189,72,,,Eredivisie,,GK,GK,,Defense,Right,59,67,60,27,24,55,8,42,7,7,10,6,56,32,10,14,23,24,12,58,33,32,62,17,37,26,9,13,8,14,12,58,48,22,54,23,3,1,60,55,56,58,58,,,,,,,Men's Football,0,ea-drop-api,265747,https://www.ea.com/games/ea-sports-fc/ratings?playerId=265747,ea-drop-api,ea-drop-api,FC26_20250921-carryover,fc27,2026-08-28T09:08:58.508Z,nec-nijmegen,NEC Nijmegen,ned,fc26-backfill,265747:BASE,BASE_LAUNCH
265861,Maëlle Garbino,Maëlle,Garbino,,1996-08-09,30,France,France,18,162,54,Paris FC,116035,Arkema PL,,RM,"RM, RW",RW,Midfielder,Left,81,,79,72,84,79,85,68,81,66,65,80,79,80,75,71,83,78,74,82,80,83,78,85,80,53,57,52,53,56,41,63,65,80,59,53,4,4,14,8,14,10,13,,,,,"Gamechanger, Tiki Taka, Inventive, Technical, First Touch, Relentless",,Women's Football,1,ea-drop-api,265861,https://www.ea.com/games/ea-sports-fc/ratings?playerId=265861,ea-drop-api,ea-drop-api,,fc27,2026-08-28T09:08:58.508Z,,,,,265861:BASE,BASE_LAUNCH
266000,Tom Gaal,Tom,Gaal,,2001-03-03,25,Germany,Germany,21,193,77,FC St. Gallen,898,Brack Super League,,CB,CB,,Defense,Right,67,73,54,54,54,36,30,51,34,35,47,34,50,32,45,32,64,57,35,58,50,62,69,62,65,67,65,69,68,68,65,72,73,71,76,64,2,2,9,14,9,7,14,,,,,,,Men's Football,0,ea-drop-api,266000,https://www.ea.com/games/ea-sports-fc/ratings?playerId=266000,ea-drop-api,ea-drop-api,FC26_20250921-carryover,fc27,2026-08-28T09:08:58.508Z,st-gallen,FC St. Gallen,che,fc27,266000:BASE,BASE_LAUNCH
266125,Arttu Hoskonen,Arttu,Hoskonen,,1997-04-16,29,Finland,Finland,17,188,90,Stockport,1931,EFL League One,,CB,CB,,Defense,Right,66,67,65,63,67,36,32,50,25,34,54,39,48,40,45,25,58,54,31,48,43,54,64,58,48,65,63,65,65,65,64,72,79,63,83,55,3,2,14,10,5,7,9,,,,,Aerial Fortress,,Men's Football,0,ea-drop-api,266125,https://www.ea.com/games/ea-sports-fc/ratings?playerId=266125,ea-drop-api,ea-drop-api,FC26_20250921-carryover,fc27,2026-08-28T09:08:58.508Z,stockport,Stockport,eng-3,fc27,266125:BASE,BASE_LAUNCH
266256,Akor Jerome Adams,Akor Jerome,Adams,,2000-01-29,26,Nigeria,Nigeria,133,190,92,Sevilla FC,481,LALIGA EA SPORTS,,ST,ST,,Attack,Right,73,78,77,75,78,72,73,76,69,72,63,73,56,59,48,54,65,45,57,70,67,65,68,73,67,29,24,69,26,25,24,75,83,72,82,58,3,3,7,7,14,8,7,,,,,"Finesse Shot, Enforcer",,Men's Football,0,ea-drop-api,266256,https://www.ea.com/games/ea-sports-fc/ratings?playerId=266256,ea-drop-api,ea-drop-api,FC26_20250921-carryover,fc27,2026-08-28T09:08:58.508Z,sevilla,Sevilla FC,esp,fc27,266256:BASE,BASE_LAUNCH
266399,Anna Aehling,Anna,Aehling,,2001-03-23,25,Germany,Germany,21,171,60,Union Berlin,132589,GPFBL,,RB,"RB, CB, RM","CB, RM",Defense,Right,69,,72,70,74,42,39,60,34,31,50,33,61,50,59,41,70,69,38,58,76,72,69,66,67,67,66,68,68,66,67,71,75,71,71,69,3,2,12,9,13,10,7,,,,,,,Women's Football,1,ea-drop-api,266399,https://www.ea.com/games/ea-sports-fc/ratings?playerId=266399,ea-drop-api,ea-drop-api,,fc27,2026-08-28T09:08:58.508Z,,,,,266399:BASE,BASE_LAUNCH
266543,Ange Ahoussou,Ange,Ahoussou,,2003-12-22,22,Ivory Coast,Côte d'Ivoire,108,194,79,SK Rapid,254,Ö. Bundesliga,,CB,CB,,Defense,Left,66,78,61,60,62,33,28,49,30,30,38,28,47,31,30,29,67,59,30,55,56,54,59,52,65,66,61,69,67,68,65,71,76,66,77,63,3,2,13,6,14,9,6,,,,,Block,,Men's Football,0,ea-drop-api,266543,https://www.ea.com/games/ea-sports-fc/ratings?playerId=266543,ea-drop-api,ea-drop-api,FC26_20250921-carryover,fc27,2026-08-28T09:08:58.508Z,rapid-wien,SK Rapid Wien,aut,fc27,266543:BASE,BASE_LAUNCH
266676,Miska Ylitolva,Miska,Ylitolva,,2004-05-23,22,Finland,Finland,17,178,69,HJK Helsinki,100325,Finnliiga,,RB,"RB, RM",RM,Defense,Right,60,73,73,75,72,29,30,23,28,32,33,49,51,42,61,25,56,45,48,58,70,75,51,59,45,55,51,53,55,57,55,56,57,68,49,59,3,2,13,11,6,11,12,,,,,,,Men's Football,0,ea-drop-api,266676,https://www.ea.com/games/ea-sports-fc/ratings?playerId=266676,ea-drop-api,ea-drop-api,FC26_20250921-carryover,fc27,2026-08-28T09:08:58.508Z,hjk-helsinki,HJK Helsinki,fin,fc27,266676:BASE,BASE_LAUNCH
266797,Gastón Álvarez,Gastón,Álvarez,,2000-03-24,26,Uruguay,Uruguay,60,184,72,Al Qadsiah,112391,ROSHN Saudi League,,CB,"CB, LB, LM","LB, LM",Defense,Left,75,82,76,70,80,27,21,42,19,29,40,28,59,40,72,32,68,55,50,65,59,59,72,68,61,76,77,70,79,74,73,77,79,66,79,84,4,2,10,11,12,8,12,,,,,"Jockey, Bruiser",,Men's Football,0,ea-drop-api,266797,https://www.ea.com/games/ea-sports-fc/ratings?playerId=266797,ea-drop-api,ea-drop-api,FC26_20250921-carryover,fc27,2026-08-28T09:08:58.508Z,al-qadsiah-fc,Al Qadsiah FC,sau,fc27,266797:BASE,BASE_LAUNCH
266931,Chiara Beccari,Chiara,Beccari,,2004-09-27,21,Italy,Italy,27,169,63,Juventus,116280,Calcio A Femminile,,LW,"LW, LM",LM,Attack,Right,69,,73,73,73,66,68,63,65,65,63,71,60,58,65,45,70,45,44,70,72,61,75,71,63,35,28,68,35,30,32,63,76,62,69,48,4,3,7,14,7,9,12,,,,,,,Women's Football,1,ea-drop-api,266931,https://www.ea.com/games/ea-sports-fc/ratings?playerId=266931,ea-drop-api,ea-drop-api,,fc27,2026-08-28T09:08:58.508Z,,,,,266931:BASE,BASE_LAUNCH
267223,Olivia Moultrie,Olivia,Moultrie,,2005-09-17,20,USA,United States,95,170,60,Portland Thorns,116302,NWSL,,CM,"CM, LM, RM, CAM","LM, RM, CAM",Midfielder,Right,77,,69,70,69,74,73,77,79,59,65,76,76,75,75,70,79,76,73,76,64,69,77,79,70,66,73,53,64,70,59,61,60,79,52,62,3,4,8,8,15,14,13,,,,,"Power Shot, Dead Ball, Incisive Pass",,Women's Football,1,ea-drop-api,267223,https://www.ea.com/games/ea-sports-fc/ratings?playerId=267223,ea-drop-api,ea-drop-api,,fc27,2026-08-28T09:08:58.508Z,,,,,267223:BASE,BASE_LAUNCH
267299,Julie Doyle,Julie,Doyle,,1998-08-30,27,USA,United States,95,173,62,Orlando Pride,116307,NWSL,,RM,"RM, LM, RW","LM, RW",Midfielder,Right,73,,78,75,80,70,72,70,67,61,68,73,70,70,69,58,74,68,65,70,71,58,72,71,65,45,47,68,48,34,39,62,73,68,60,58,3,3,5,7,10,7,11,,,,,,,Women's Football,1,ea-drop-api,267299,https://www.ea.com/games/ea-sports-fc/ratings?playerId=267299,ea-drop-api,ea-drop-api,,fc27,2026-08-28T09:08:58.508Z,,,,,267299:BASE,BASE_LAUNCH
267375,Mary Alice Vignola,Mary Alice,Vignola,,1998-02-11,28,USA,United States,95,168,60,Angel City FC,116311,NWSL,,LB,"LB, LM",LM,Defense,Left,72,,66,69,64,53,45,69,59,48,45,58,60,52,64,56,68,51,57,66,63,64,68,68,63,72,71,61,70,76,76,76,78,72,83,65,3,2,6,10,6,12,13,,,,,"Block, Slide Tackle, Press Proven, Long Throw, Bruiser",,Women's Football,1,ea-drop-api,267375,https://www.ea.com/games/ea-sports-fc/ratings?playerId=267375,ea-drop-api,ea-drop-api,,fc27,2026-08-28T09:08:58.508Z,,,,,267375:BASE,BASE_LAUNCH
267491,Fernando Román,Fernando,Román,,2001-02-23,25,Paraguay,Paraguay,58,182,81,,,Sudamericana,,CB,CB,,Defense,Right,64,70,56,58,55,37,39,49,22,22,47,39,42,34,23,24,60,50,20,43,47,61,60,55,49,64,65,61,62,65,63,68,70,63,73,63,2,2,7,8,10,11,9,,,,,,,Men's Football,0,ea-drop-api,267491,https://www.ea.com/games/ea-sports-fc/ratings?playerId=267491,ea-drop-api,ea-drop-api,FC26_20250921-carryover,fc27,2026-08-28T09:08:58.508Z,,,,,267491:BASE,BASE_LAUNCH
267690,Vetle Skjærvik,Vetle,Skjærvik,,2000-09-15,25,Norway,Norway,36,184,77,Tromsø IL,418,Eliteserien,,CB,CB,,Defense,Right,65,72,71,70,71,28,23,44,23,28,32,28,46,31,33,30,65,53,24,59,69,58,63,57,54,64,63,62,64,64,66,70,74,72,71,62,3,2,6,14,7,13,10,,,,,,,Men's Football,0,ea-drop-api,267690,https://www.ea.com/games/ea-sports-fc/ratings?playerId=267690,ea-drop-api,ea-drop-api,FC26_20250921-carryover,fc27,2026-08-28T09:08:58.508Z,tromso,Tromsø IL,nor,fc27,267690:BASE,BASE_LAUNCH
267868,Sammy Braybrooke,Sammy,Braybrooke,,2004-03-12,22,England,England,14,178,66,Newport County,112254,EFL League Two,,CDM,"CDM, CM",CM,Midfielder,Right,61,74,62,61,62,52,47,65,51,50,48,54,60,62,51,57,64,63,62,63,64,64,60,65,61,58,57,51,58,61,58,58,58,55,59,58,3,2,12,11,9,6,11,,,,,,,Men's Football,0,ea-drop-api,267868,https://www.ea.com/games/ea-sports-fc/ratings?playerId=267868,ea-drop-api,ea-drop-api,FC26_20250921-carryover,fc27,2026-08-28T09:08:58.508Z,newport-county,Newport County,eng-4,fc27,267868:BASE,BASE_LAUNCH
268009,Kevin O'Toole,Kevin,O'Toole,,1998-12-14,27,USA,United States,95,178,75,New York City FC,112828,MLS,,LB,"LB, LM",LM,Defense,Left,64,67,73,71,74,53,58,57,37,50,48,59,56,49,57,32,63,58,39,65,66,65,61,61,54,60,59,40,63,64,62,62,58,70,65,44,2,2,10,8,8,14,9,,,,,,,Men's Football,0,ea-drop-api,268009,https://www.ea.com/games/ea-sports-fc/ratings?playerId=268009,ea-drop-api,ea-drop-api,FC26_20250921-carryover,fc27,2026-08-28T09:08:58.508Z,new-york-city-fc,New York City FC,mls,fc27,268009:BASE,BASE_LAUNCH
268306,Cameron Congreve,Cameron,Congreve,,2004-01-24,22,Wales,Wales,50,180,70,Dundee FC,180,Scottish Prem,,LM,"LM, RW, CM, LW","RW, CM, LW",Midfielder,Left,62,67,75,80,71,56,56,61,55,41,47,54,61,61,62,62,60,58,65,63,73,75,57,61,58,48,53,37,47,49,45,53,57,55,57,38,3,3,14,15,13,7,14,,,,,,,Men's Football,0,ea-drop-api,268306,https://www.ea.com/games/ea-sports-fc/ratings?playerId=268306,ea-drop-api,ea-drop-api,FC26_20250921-carryover,fc27,2026-08-28T09:08:58.508Z,dundee,Dundee FC,sco,fc27,268306:BASE,BASE_LAUNCH
268452,Gabriel David,Gabriel,David,,2003-02-11,23,Romania,Romania,39,180,72,FC Botoșani,110752,SUPERLIGA,,CM,"CM, CDM",CDM,Midfielder,Right,60,68,72,73,71,56,59,55,55,47,49,58,59,62,47,52,64,59,57,63,80,77,63,60,58,53,53,52,53,54,48,60,63,64,57,61,2,3,8,6,15,13,7,,,,,,,Men's Football,0,ea-drop-api,268452,https://www.ea.com/games/ea-sports-fc/ratings?playerId=268452,ea-drop-api,ea-drop-api,FC26_20250921-carryover,fc27,2026-08-28T09:08:58.508Z,fc-botosani,FC Botoșani,rou,fc27,268452:BASE,BASE_LAUNCH
268581,Santiago Toloza,Santiago,Toloza,,2002-10-28,23,Argentina,Argentina,52,171,69,Platense,112689,LPF,,CAM,"CAM, CM",CM,Midfielder,Right,70,78,66,65,66,68,65,73,76,51,59,65,68,70,58,68,74,66,72,70,76,70,67,70,61,48,49,26,52,50,49,50,42,58,46,53,3,3,14,5,7,9,13,,,,,"Finesse Shot, Power Shot",,Men's Football,0,ea-drop-api,268581,https://www.ea.com/games/ea-sports-fc/ratings?playerId=268581,ea-drop-api,ea-drop-api,FC26_20250921-carryover,fc27,2026-08-28T09:08:58.508Z,platense,Platense,arg,fc27,268581:BASE,BASE_LAUNCH
268727,Miliano Jonathans,Miliano,Jonathans,,2004-04-05,22,Indonesia,Indonesia,160,178,66,,,Eredivisie,,RW,"RW, RM",RM,Attack,Left,66,78,75,75,75,63,62,63,68,56,54,62,62,63,61,56,63,60,70,66,72,74,66,66,63,23,21,49,24,16,14,55,58,65,51,50,4,3,15,10,14,9,5,,,,,,,Men's Football,0,ea-drop-api,268727,https://www.ea.com/games/ea-sports-fc/ratings?playerId=268727,ea-drop-api,ea-drop-api,FC26_20250921-carryover,fc27,2026-08-28T09:08:58.508Z,fc-utrecht,FC Utrecht,ned,fc26-backfill,268727:BASE,BASE_LAUNCH
268894,Tom Sparrow,Tom,Sparrow,,2002-12-06,23,Wales,Wales,50,177,74,Motherwell,83,Scottish Prem,,RM,"RM, RW, CM","RW, CM",Midfielder,Right,61,67,68,70,67,59,60,66,56,52,46,59,56,56,51,33,60,58,59,61,72,71,60,61,59,53,54,43,54,53,55,65,61,63,72,53,2,3,9,7,6,9,15,,,,,,,Men's Football,0,ea-drop-api,268894,https://www.ea.com/games/ea-sports-fc/ratings?playerId=268894,ea-drop-api,ea-drop-api,FC26_20250921-carryover,fc27,2026-08-28T09:08:58.508Z,motherwell,Motherwell FC,sco,fc27,268894:BASE,BASE_LAUNCH
268993,Lucía Rodríguez,Lucía Maria,Rodríguez Herrero,Lucía Rodríguez,1999-05-24,27,Spain,Spain,45,164,60,Real Sociedad,116336,Liga F Moeve,,RB,"RB, LB, CB","LB, CB",Defense,Right,76,,76,76,76,52,48,55,54,45,62,59,74,71,73,58,80,71,64,75,73,67,75,79,80,73,73,65,74,74,72,70,75,73,66,73,3,3,14,13,8,8,10,,,,,,,Women's Football,1,ea-drop-api,268993,https://www.ea.com/games/ea-sports-fc/ratings?playerId=268993,ea-drop-api,ea-drop-api,,fc27,2026-08-28T09:08:58.508Z,,,,,268993:BASE,BASE_LAUNCH
269138,Li Yuefeng,Yuefeng,Li,Li Yuefeng,2002-09-30,23,China PR,China PR,155,189,81,Tianjin JMT FC,111774,CSL,,GK,GK,,Defense,Right,50,57,51,21,22,53,8,39,12,9,16,9,52,31,13,12,15,27,13,50,35,32,33,17,32,21,10,13,9,15,12,48,42,22,51,22,3,1,51,53,52,48,50,,,,,,,Men's Football,0,ea-drop-api,269138,https://www.ea.com/games/ea-sports-fc/ratings?playerId=269138,ea-drop-api,ea-drop-api,FC26_20250921-carryover,fc27,2026-08-28T09:08:58.508Z,,,,,269138:BASE,BASE_LAUNCH
269248,Derry John Murkin,Derry John,Murkin,,1999-07-27,27,England,England,14,183,81,,,Eredivisie,,LB,"LB, LM",LM,Defense,Left,68,71,82,84,81,45,33,83,41,26,31,57,64,54,68,51,66,67,70,65,70,73,64,64,55,60,60,59,57,62,61,78,72,85,74,79,4,2,11,14,6,5,11,,,,,Intercept,,Men's Football,0,ea-drop-api,269248,https://www.ea.com/games/ea-sports-fc/ratings?playerId=269248,ea-drop-api,ea-drop-api,FC26_20250921-carryover,fc27,2026-08-28T09:08:58.508Z,fc-utrecht,FC Utrecht,ned,fc26-backfill,269248:BASE,BASE_LAUNCH
269404,Salma Paralluelo,Salma Celeste,Paralluelo Ayingono,Salma Paralluelo,2003-11-13,22,Spain,Spain,45,175,68,FC Barcelona,116325,Liga F Moeve,,LW,"LW, ST, RW, LM","ST, RW, LM",Attack,Left,84,,92,92,92,84,88,82,83,75,63,85,78,81,79,65,81,70,77,83,88,70,80,84,75,46,42,75,42,45,40,77,91,77,83,56,4,4,6,6,12,6,13,,,,,"Finesse Shot, Gamechanger, Technical, Quick Step",,Women's Football,1,ea-drop-api,269404,https://www.ea.com/games/ea-sports-fc/ratings?playerId=269404,ea-drop-api,ea-drop-api,,fc27,2026-08-28T09:08:58.508Z,,,,,269404:BASE,BASE_LAUNCH
269526,Deng Xiongtao,Xiongtao,Deng,Deng Xiongtao,2002-08-27,24,China PR,China PR,155,190,78,Meizhou Hakka FC,114628,CSL,,GK,GK,,Defense,Right,48,58,48,22,18,49,9,40,10,8,10,8,53,25,12,8,21,26,9,48,30,26,32,12,26,20,12,13,9,9,10,50,49,15,60,23,3,1,48,49,53,50,48,,,,,,,Men's Football,0,ea-drop-api,269526,https://www.ea.com/games/ea-sports-fc/ratings?playerId=269526,ea-drop-api,ea-drop-api,FC26_20250921-carryover,fc27,2026-08-28T09:08:58.508Z,,,,,269526:BASE,BASE_LAUNCH
269678,Daiana Falfán,Daiana,Falfán,,2000-10-14,25,Argentina,Argentina,52,165,61,DUX Logroño,132629,Liga F Moeve,,CDM,"CDM, CM",CM,Midfielder,Right,71,,72,75,70,59,66,56,49,49,75,44,63,73,37,48,73,68,51,75,77,68,72,73,66,68,64,72,71,69,64,69,79,73,66,71,3,2,14,9,15,11,7,,,,,Press Proven,,Women's Football,1,ea-drop-api,269678,https://www.ea.com/games/ea-sports-fc/ratings?playerId=269678,ea-drop-api,ea-drop-api,,fc27,2026-08-28T09:08:58.508Z,,,,,269678:BASE,BASE_LAUNCH
269822,Michael Martin,Michael,Martin,,2000-07-10,26,Germany,Germany,21,180,72,IK Sirius,113458,Allsvenskan,,CM,"CM, CDM",CDM,Midfielder,Right,62,67,63,62,64,51,53,54,47,38,42,56,57,60,41,41,67,60,40,65,73,67,58,64,62,59,65,52,58,60,57,61,60,65,60,59,3,2,5,7,7,6,13,,,,,,,Men's Football,0,ea-drop-api,269822,https://www.ea.com/games/ea-sports-fc/ratings?playerId=269822,ea-drop-api,ea-drop-api,FC26_20250921-carryover,fc27,2026-08-28T09:08:58.508Z,sirius,IK Sirius,swe,fc27,269822:BASE,BASE_LAUNCH
269942,Shawn Blum,Shawn,Blum,,2003-01-14,23,Germany,Germany,21,180,77,Kaiserslautern,29,Bundesliga 2,,RW,"RW, LW, CAM, RM","LW, CAM, RM",Attack,Right,56,66,75,73,76,55,57,58,49,53,51,50,44,43,45,38,50,34,44,61,70,68,48,59,51,24,18,52,19,24,21,50,63,45,58,35,4,2,8,7,13,13,12,,,,,,,Men's Football,0,ea-drop-api,269942,https://www.ea.com/games/ea-sports-fc/ratings?playerId=269942,ea-drop-api,ea-drop-api,FC26_20250921-carryover,fc27,2026-08-28T09:08:58.508Z,kaiserslautern,Kaiserslautern,ger-2,fc27,269942:BASE,BASE_LAUNCH
270038,Justin Hammel,Justin,Hammel,,2000-12-12,25,Switzerland,Switzerland,47,185,84,GC Zürich,322,Brack Super League,,GK,GK,,Defense,Right,72,80,75,23,24,70,7,53,5,6,15,5,70,33,16,11,37,45,12,77,30,44,56,19,28,23,12,11,16,14,13,70,55,25,62,29,2,1,75,70,70,70,77,,,,,"Long Ball Pass, Footwork, Rush Out",,Men's Football,0,ea-drop-api,270038,https://www.ea.com/games/ea-sports-fc/ratings?playerId=270038,ea-drop-api,ea-drop-api,FC26_20250921-carryover,fc27,2026-08-28T09:08:58.508Z,grasshoppers,Grasshopper Club Zürich,che,fc27,270038:BASE,BASE_LAUNCH
270141,Franco Israel,Franco,Israel,,2000-04-22,26,Uruguay,Uruguay,60,190,82,Torino,54,Serie A Enilive,,GK,GK,,Defense,Right,75,80,79,30,32,71,6,53,8,5,11,8,71,45,11,10,37,30,14,80,33,37,64,24,44,31,11,10,7,12,11,74,65,23,80,16,3,1,79,71,71,74,80,,,,,,,Men's Football,0,ea-drop-api,270141,https://www.ea.com/games/ea-sports-fc/ratings?playerId=270141,ea-drop-api,ea-drop-api,FC26_20250921-carryover,fc27,2026-08-28T09:08:58.508Z,torino,Torino FC,ita,fc27,270141:BASE,BASE_LAUNCH
270406,Emily Orman,Emily,Orman,,2002-11-05,23,England,England,14,182,70,London City,132176,Barclays WSL,,GK,GK,,Defense,Right,72,,68,43,43,70,7,50,8,7,19,11,67,50,9,12,15,16,10,71,44,41,74,40,59,43,10,9,12,11,8,73,63,31,69,19,2,1,68,70,67,73,71,,,,,Footwork,,Women's Football,1,ea-drop-api,270406,https://www.ea.com/games/ea-sports-fc/ratings?playerId=270406,ea-drop-api,ea-drop-api,,fc27,2026-08-28T09:08:58.508Z,,,,,270406:BASE,BASE_LAUNCH
270542,Filip Kocaba,Filip,Kocaba,,2004-11-13,21,Poland,Poland,37,184,78,Zagłębie Lubin,110749,PKO BP Ekstraklasa,,CDM,"CDM, CM",CM,Midfielder,Right,65,73,61,59,63,46,42,53,52,40,42,42,57,52,50,45,66,62,42,57,58,61,60,64,55,62,62,55,63,64,60,70,65,75,70,63,3,2,8,14,12,13,10,,,,,,,Men's Football,0,ea-drop-api,270542,https://www.ea.com/games/ea-sports-fc/ratings?playerId=270542,ea-drop-api,ea-drop-api,FC26_20250921-carryover,fc27,2026-08-28T09:08:58.508Z,zaglebie-lubin,Zagłębie Lubin,pol,fc27,270542:BASE,BASE_LAUNCH
270673,Warren Zaïre-Emery,Warren,Zaïre-Emery,,2006-03-08,20,France,France,18,178,68,Paris SG,73,Ligue 1 McDonald's,,CM,"CM, CDM, CAM","CDM, CAM",Midfielder,Right,80,87,79,80,78,68,66,76,69,49,59,76,76,79,68,53,82,81,66,79,74,84,79,81,78,75,79,66,71,80,73,79,80,88,75,76,4,3,14,11,7,8,15,,,,,"Tiki Taka, First Touch, Press Proven, Quick Step, Relentless",,Men's Football,0,ea-drop-api,270673,https://www.ea.com/games/ea-sports-fc/ratings?playerId=270673,ea-drop-api,ea-drop-api,FC26_20250921-carryover,fc27,2026-08-28T09:08:58.508Z,paris-saint-germain,Paris Saint-Germain,fra,fc27,270673:BASE,BASE_LAUNCH
270842,Rodrigo Villalba,Rodrigo,Villalba,,2006-03-02,20,Paraguay,Paraguay,58,173,70,,,Libertadores,,RM,"RM, RW, LW","RW, LW",Midfielder,Right,63,76,79,77,80,49,53,54,34,36,49,63,56,53,46,35,66,60,39,64,72,65,52,59,43,42,44,42,38,44,46,59,61,62,61,50,3,3,9,11,8,8,8,,,,,,,Men's Football,0,ea-drop-api,270842,https://www.ea.com/games/ea-sports-fc/ratings?playerId=270842,ea-drop-api,ea-drop-api,FC26_20250921-carryover,fc27,2026-08-28T09:08:58.508Z,,,,,270842:BASE,BASE_LAUNCH
270940,Fabio Torsiello,Fabio,Torsiello,,2005-02-02,21,Germany,Germany,21,177,72,Aleman. Aachen,1826,3. Liga,,ST,"ST, LM",LM,Attack,Right,63,76,73,74,73,63,64,64,64,52,48,64,56,59,50,59,59,51,57,65,70,71,56,65,55,24,18,56,25,21,13,56,66,65,56,43,4,3,15,8,11,10,7,,,,,,,Men's Football,0,ea-drop-api,270940,https://www.ea.com/games/ea-sports-fc/ratings?playerId=270940,ea-drop-api,ea-drop-api,FC26_20250921-carryover,fc27,2026-08-28T09:08:58.508Z,aleman-aachen,Aleman. Aachen,ger-3,fc27,270940:BASE,BASE_LAUNCH
271037,Adu Ares,Malcom Adu,Ares Djaló,Adu Ares,2001-10-12,24,Spain,Spain,45,183,73,SD Eibar,467,LALIGA HYPERMOTION,,LM,"LM, RM, LW","RM, LW",Midfielder,Right,68,77,85,86,85,64,63,66,64,56,67,60,66,64,69,56,68,63,68,68,83,79,60,66,65,25,33,44,18,21,19,58,67,55,66,38,4,3,13,9,6,13,11,,,,,Technical,,Men's Football,0,ea-drop-api,271037,https://www.ea.com/games/ea-sports-fc/ratings?playerId=271037,ea-drop-api,ea-drop-api,FC26_20250921-carryover,fc27,2026-08-28T09:08:58.508Z,sd-eibar,SD Eibar,esp-2,fc27,271037:BASE,BASE_LAUNCH
271147,Billy van Duijl,Billy,van Duijl,,2005-10-04,20,Netherlands,Holland,34,191,72,,,Eredivisie,,CB,"CB, CDM",CDM,Defense,Left,62,78,39,39,39,32,29,48,24,30,45,24,48,42,40,30,58,54,27,47,54,62,56,56,63,62,64,56,58,64,66,61,66,42,67,66,3,2,6,10,11,12,14,,,,,,,Men's Football,0,ea-drop-api,271147,https://www.ea.com/games/ea-sports-fc/ratings?playerId=271147,ea-drop-api,ea-drop-api,FC26_20250921-carryover,fc27,2026-08-28T09:08:58.508Z,az-alkmaar,AZ Alkmaar,ned,fc26-backfill,271147:BASE,BASE_LAUNCH
271257,Élysée Logbo,Élysée,Logbo,,2004-05-06,22,France,France,18,188,75,Havre AC,1738,Ligue 1 McDonald's,,ST,ST,,Attack,Left,65,75,56,52,59,65,66,67,63,63,62,66,50,49,44,45,56,44,54,64,64,65,64,66,62,19,11,66,20,11,12,66,70,54,75,59,3,3,11,11,13,14,5,,,,,,,Men's Football,0,ea-drop-api,271257,https://www.ea.com/games/ea-sports-fc/ratings?playerId=271257,ea-drop-api,ea-drop-api,FC26_20250921-carryover,fc27,2026-08-28T09:08:58.508Z,le-havre,Le Havre AC,fra,fc27,271257:BASE,BASE_LAUNCH
271399,Andrea Oliveri,Andrea,Oliveri,,2003-01-14,23,Italy,Italy,27,181,74,,,Serie BKT,,RM,"RM, RB, RW","RB, RW",Midfielder,Right,63,72,74,76,72,57,56,60,55,51,59,56,62,57,66,59,66,58,62,62,71,69,60,64,60,60,63,52,53,65,66,51,59,51,49,55,3,3,12,14,7,11,7,,,,,Aerial Fortress,,Men's Football,0,ea-drop-api,271399,https://www.ea.com/games/ea-sports-fc/ratings?playerId=271399,ea-drop-api,ea-drop-api,FC26_20250921-carryover,fc27,2026-08-28T09:08:58.508Z,,,,,271399:BASE,BASE_LAUNCH
271494,Joel Voelkerling Persson,Joel,Voelkerling Persson,,2003-01-15,23,Sweden,Sweden,46,194,88,,,Allsvenskan,,ST,ST,,Attack,Right,62,71,54,42,64,61,63,61,55,56,65,62,44,48,32,30,56,32,44,58,46,37,59,62,52,31,28,72,27,25,26,69,77,48,82,59,3,2,12,13,5,15,11,,,,,,,Men's Football,0,ea-drop-api,271494,https://www.ea.com/games/ea-sports-fc/ratings?playerId=271494,ea-drop-api,ea-drop-api,FC26_20250921-carryover,fc27,2026-08-28T09:08:58.508Z,,,,,271494:BASE,BASE_LAUNCH
271579,Filippo Terracciano,Filippo,Terracciano,,2003-02-08,23,Italy,Italy,27,186,68,Cremonese,111434,Serie A Enilive,,LB,"LB, RB",RB,Defense,Right,71,80,79,81,78,60,56,69,65,54,57,57,71,67,75,65,72,67,73,70,70,68,62,71,54,67,66,61,64,71,68,62,75,65,60,61,4,3,11,12,8,12,13,,,,,,,Men's Football,0,ea-drop-api,271579,https://www.ea.com/games/ea-sports-fc/ratings?playerId=271579,ea-drop-api,ea-drop-api,FC26_20250921-carryover,fc27,2026-08-28T09:08:58.508Z,cremonese,Cremonese,ita-2,fc27,271579:BASE,BASE_LAUNCH
271716,Djeidi Gassama,Djeidi,Gassama,,2003-09-10,22,France,France,18,177,70,Rangers,86,Scottish Prem,,LM,"LM, RM, LW","RM, LW",Midfielder,Right,71,80,83,81,85,64,68,60,62,61,58,70,61,64,60,57,64,52,60,76,78,82,65,77,70,26,18,55,23,26,24,62,74,64,66,46,4,4,13,6,10,13,12,,,,,"Low Driven Shot, Technical",,Men's Football,0,ea-drop-api,271716,https://www.ea.com/games/ea-sports-fc/ratings?playerId=271716,ea-drop-api,ea-drop-api,FC26_20250921-carryover,fc27,2026-08-28T09:08:58.508Z,rangers,Rangers FC,sco,fc27,271716:BASE,BASE_LAUNCH
271864,Antonia Halverkamps,Antonia,Halverkamps,,2000-10-29,25,Germany,Germany,21,168,63,Union Berlin,132589,GPFBL,,RW,"RW, LW, CAM, RM","LW, CAM, RM",Attack,Right,72,,75,75,75,67,71,62,64,56,59,75,72,72,72,59,75,70,69,70,53,56,71,73,63,58,58,38,61,62,61,68,61,69,68,68,4,3,14,9,9,6,7,,,,,"Finesse Shot, Block, Intercept, Bruiser",,Women's Football,1,ea-drop-api,271864,https://www.ea.com/games/ea-sports-fc/ratings?playerId=271864,ea-drop-api,ea-drop-api,,fc27,2026-08-28T09:08:58.508Z,,,,,271864:BASE,BASE_LAUNCH
271969,Nicolás Paz,Nicolás,Paz,,2002-10-16,23,Argentina,Argentina,52,180,79,Unión,111716,LPF,,CB,"CB, RB, RM","RB, RM",Defense,Right,70,79,71,70,72,39,34,49,39,37,46,47,57,44,63,35,66,57,48,59,67,74,66,60,59,68,66,65,66,70,76,78,78,73,78,84,4,2,14,8,7,14,8,,,,,"Long Ball Pass, Long Throw",,Men's Football,0,ea-drop-api,271969,https://www.ea.com/games/ea-sports-fc/ratings?playerId=271969,ea-drop-api,ea-drop-api,FC26_20250921-carryover,fc27,2026-08-28T09:08:58.508Z,club-atletico-union,Club Atlético Unión,arg,fc27,271969:BASE,BASE_LAUNCH
272046,Jessica Martínez,Jessica,Martínez,,1999-06-14,27,Paraguay,Paraguay,58,160,59,Badalona Women,131125,Liga F Moeve,,ST,"ST, LW, LM","LW, LM",Attack,Right,71,,63,64,63,76,75,75,80,65,80,70,69,72,59,75,75,60,69,70,74,56,72,70,65,46,38,69,37,50,51,72,72,70,69,80,3,3,5,5,9,15,5,,,,,Dead Ball,,Women's Football,1,ea-drop-api,272046,https://www.ea.com/games/ea-sports-fc/ratings?playerId=272046,ea-drop-api,ea-drop-api,,fc27,2026-08-28T09:08:58.508Z,,,,,272046:BASE,BASE_LAUNCH
272121,Naroa,Naroa,Uriarte Urazurrutia,Naroa,2001-02-05,25,Spain,Spain,45,168,55,Athletic Club,116328,Liga F Moeve,,CB,CB,,Defense,Right,67,,70,71,70,37,38,35,30,36,62,44,57,51,62,36,60,63,40,60,69,65,62,70,63,69,73,40,75,70,72,66,62,61,71,61,2,2,6,12,14,11,7,,,,,,,Women's Football,1,ea-drop-api,272121,https://www.ea.com/games/ea-sports-fc/ratings?playerId=272121,ea-drop-api,ea-drop-api,,fc27,2026-08-28T09:08:58.508Z,,,,,272121:BASE,BASE_LAUNCH
272204,Allegra Poljak,Allegra,Poljak,,1999-02-05,27,Serbia,Serbia,51,162,56,Madrid CFF,116334,Liga F Moeve,,RB,"RB, RM, LB","RM, LB",Defense,Right,74,,71,70,72,56,56,65,50,50,51,59,71,67,75,60,76,67,62,71,75,67,76,74,62,71,71,63,80,69,62,70,72,83,70,55,3,3,8,12,13,13,13,,,,,,,Women's Football,1,ea-drop-api,272204,https://www.ea.com/games/ea-sports-fc/ratings?playerId=272204,ea-drop-api,ea-drop-api,,fc27,2026-08-28T09:08:58.508Z,,,,,272204:BASE,BASE_LAUNCH
272288,Athanasia Moraitou,Athanasia,Moraitou,,1997-04-02,29,Greece,Greece,22,167,57,Union Berlin,132589,GPFBL,,CM,CM,,Midfielder,Left,71,,56,47,64,62,61,65,64,39,60,69,71,72,65,67,75,72,59,68,66,73,71,72,65,69,72,64,69,71,65,70,65,76,70,65,2,2,5,14,15,11,12,,,,,,,Women's Football,1,ea-drop-api,272288,https://www.ea.com/games/ea-sports-fc/ratings?playerId=272288,ea-drop-api,ea-drop-api,,fc27,2026-08-28T09:08:58.508Z,,,,,272288:BASE,BASE_LAUNCH
272401,Sam Glenfield,Sam,Glenfield,,2005-05-10,21,Northern Ireland,Northern Ireland,35,180,69,Waterford,753,SSE Airtricity PD,,CM,"CM, CAM",CAM,Midfielder,Right,56,62,66,66,66,52,52,53,52,49,50,53,51,52,42,31,58,53,45,59,69,66,58,58,52,58,57,55,59,60,56,51,50,61,44,58,2,2,12,8,9,13,6,,,,,,,Men's Football,0,ea-drop-api,272401,https://www.ea.com/games/ea-sports-fc/ratings?playerId=272401,ea-drop-api,ea-drop-api,FC26_20250921-carryover,fc27,2026-08-28T09:08:58.508Z,waterford,Waterford FC,irl,fc27,272401:BASE,BASE_LAUNCH
272568,Ibrahim Diakité,Ibrahim,Diakité,,2003-10-31,22,Guinea,Guinea,118,180,75,Cercle Brugge,1750,1A Pro League,,CB,"CB, RB, RM","RB, RM",Defense,Right,66,78,76,78,75,42,37,51,44,34,43,51,54,39,54,35,68,51,53,63,63,65,53,66,50,65,60,68,61,71,69,68,78,73,66,64,3,2,9,12,12,14,9,,,,,,,Men's Football,0,ea-drop-api,272568,https://www.ea.com/games/ea-sports-fc/ratings?playerId=272568,ea-drop-api,ea-drop-api,FC26_20250921-carryover,fc27,2026-08-28T09:08:58.508Z,cercle-brugge,Cercle Brugge KSV,bel,fc27,272568:BASE,BASE_LAUNCH
272699,Juan Camilo Pérez,Juan Camilo,Pérez,,1998-12-22,27,Venezuela,Venezuela,61,175,75,,,Libertadores,,CM,"CM, LB, RM","LB, RM",Midfielder,Left,67,70,69,67,70,64,68,57,66,58,62,65,67,66,61,65,72,70,60,68,65,73,65,66,60,58,48,55,55,66,65,58,62,66,55,55,4,3,9,10,12,14,6,,,,,,,Men's Football,0,ea-drop-api,272699,https://www.ea.com/games/ea-sports-fc/ratings?playerId=272699,ea-drop-api,ea-drop-api,FC26_20250921-carryover,fc27,2026-08-28T09:08:58.508Z,,,,,272699:BASE,BASE_LAUNCH
272826,Ary Borges,Ariadina,Alves Borges,Ary Borges,1999-12-28,26,Brazil,Brazil,54,165,60,Rac. Louisville,116308,NWSL,,CM,"CM, CDM",CDM,Midfielder,Right,73,,72,71,73,74,75,74,72,72,71,74,68,69,56,66,74,70,61,76,72,78,73,78,64,63,67,67,46,73,70,58,68,75,54,45,3,3,12,11,8,11,8,,,,,"Slide Tackle, Press Proven",,Women's Football,1,ea-drop-api,272826,https://www.ea.com/games/ea-sports-fc/ratings?playerId=272826,ea-drop-api,ea-drop-api,,fc27,2026-08-28T09:08:58.508Z,,,,,272826:BASE,BASE_LAUNCH
272918,Fredrik Nissen,Fredrik,Nissen,,2005-03-28,21,Sweden,Sweden,46,189,75,AIK,433,Allsvenskan,,CB,CB,,Defense,Right,60,74,69,67,70,25,22,33,23,21,36,30,46,42,28,20,61,58,26,58,51,57,63,61,52,61,60,60,62,61,59,57,65,56,58,56,3,2,6,13,12,8,6,,,,,,,Men's Football,0,ea-drop-api,272918,https://www.ea.com/games/ea-sports-fc/ratings?playerId=272918,ea-drop-api,ea-drop-api,FC26_20250921-carryover,fc27,2026-08-28T09:08:58.508Z,aik,AIK,swe,fc27,272918:BASE,BASE_LAUNCH
273008,Jorg Schreuders,Jorg,Schreuders,,2004-09-09,21,Netherlands,Holland,34,177,70,,,Eredivisie,,RM,"RM, LM, RW","LM, RW",Midfielder,Right,66,77,71,64,77,65,68,63,67,40,52,70,60,49,61,46,66,59,68,65,68,54,65,67,58,57,49,50,64,56,59,66,61,80,61,60,3,3,7,9,7,6,14,,,,,,,Men's Football,0,ea-drop-api,273008,https://www.ea.com/games/ea-sports-fc/ratings?playerId=273008,ea-drop-api,ea-drop-api,FC26_20250921-carryover,fc27,2026-08-28T09:08:58.508Z,fc-groningen,FC Groningen,ned,fc26-backfill,273008:BASE,BASE_LAUNCH
273168,Stine Ballisager,Stine,Ballisager,,1994-01-03,32,Denmark,Denmark,13,175,64,FC Bayern München,115995,GPFBL,,CB,CB,,Defense,Right,71,,52,55,49,47,41,63,45,47,51,36,63,55,57,43,75,67,48,60,57,60,71,70,70,73,76,77,71,73,71,64,75,69,66,51,2,2,7,10,7,6,9,,,,,,,Women's Football,1,ea-drop-api,273168,https://www.ea.com/games/ea-sports-fc/ratings?playerId=273168,ea-drop-api,ea-drop-api,,fc27,2026-08-28T09:08:58.508Z,,,,,273168:BASE,BASE_LAUNCH
273468,Emily Sams,Emily,Sams,,1999-07-01,27,USA,United States,95,170,63,Orlando Pride,116307,NWSL,,CB,CB,,Defense,Right,76,,61,64,59,46,38,67,48,32,40,46,59,48,43,38,73,70,48,63,62,53,74,68,63,79,76,74,78,83,76,70,76,68,69,74,3,2,6,10,14,14,9,,,,,"Long Ball Pass, Block",,Women's Football,1,ea-drop-api,273468,https://www.ea.com/games/ea-sports-fc/ratings?playerId=273468,ea-drop-api,ea-drop-api,,fc27,2026-08-28T09:08:58.508Z,,,,,273468:BASE,BASE_LAUNCH
273563,Annabel Schasching,Annabel,Schasching,,2002-07-26,24,Austria,Austria,4,163,57,RB Leipzig,116021,GPFBL,,CDM,"CDM, CM, CAM","CM, CAM",Midfielder,Right,75,,76,76,76,65,70,57,65,40,71,72,74,73,70,69,80,79,51,72,71,37,73,78,68,70,69,58,72,74,66,68,72,77,64,65,3,2,12,12,5,6,13,,,,,,,Women's Football,1,ea-drop-api,273563,https://www.ea.com/games/ea-sports-fc/ratings?playerId=273563,ea-drop-api,ea-drop-api,,fc27,2026-08-28T09:08:58.508Z,,,,,273563:BASE,BASE_LAUNCH
273687,Anouk Denton,Anouk,Denton,,2003-05-09,23,England,England,14,163,55,West Ham,116014,Barclays WSL,,RB,"RB, RM",RM,Defense,Right,70,,71,72,71,47,40,59,60,26,38,39,59,35,64,58,70,60,59,60,61,71,67,65,54,68,68,58,67,73,69,63,69,62,63,61,4,2,7,13,12,14,7,,,,,Long Throw,,Women's Football,1,ea-drop-api,273687,https://www.ea.com/games/ea-sports-fc/ratings?playerId=273687,ea-drop-api,ea-drop-api,,fc27,2026-08-28T09:08:58.508Z,,,,,273687:BASE,BASE_LAUNCH
273836,Soledad Belotto,Soledad,Belotto,,2003-08-14,23,Paraguay,Paraguay,58,182,70,,,Liga F Moeve,,GK,GK,,Defense,Right,59,,57,37,35,60,13,41,14,13,14,8,54,37,14,12,24,19,12,59,41,32,57,14,35,36,11,12,13,16,14,59,58,27,68,20,3,1,57,60,54,59,59,,,,,,,Women's Football,1,ea-drop-api,273836,https://www.ea.com/games/ea-sports-fc/ratings?playerId=273836,ea-drop-api,ea-drop-api,,fc27,2026-08-28T09:08:58.508Z,,,,,273836:BASE,BASE_LAUNCH
273930,Jude Soonsup-Bell,Jude,Soonsup-Bell,,2004-01-10,22,England,England,14,182,80,Grimsby Town,92,EFL League Two,,ST,ST,,Attack,Right,62,74,73,75,72,61,62,61,60,48,64,62,55,52,55,48,58,53,53,61,65,64,58,62,55,30,18,59,31,28,23,60,71,51,63,61,2,4,6,7,14,13,12,,,,,,,Men's Football,0,ea-drop-api,273930,https://www.ea.com/games/ea-sports-fc/ratings?playerId=273930,ea-drop-api,ea-drop-api,FC26_20250921-carryover,fc27,2026-08-28T09:08:58.508Z,grimsby-town,Grimsby Town,eng-4,fc27,273930:BASE,BASE_LAUNCH
274065,Dion Rankine,Dion,Rankine,,2002-10-15,23,England,England,14,165,63,Crewe Alexandra,121,EFL League Two,,RM,"RM, RW",RW,Midfielder,Right,65,73,88,90,87,52,51,49,52,54,54,60,58,54,62,51,60,55,64,67,90,69,59,61,64,56,53,46,57,62,55,45,54,65,34,45,3,3,10,13,9,10,6,,,,,Rapid,,Men's Football,0,ea-drop-api,274065,https://www.ea.com/games/ea-sports-fc/ratings?playerId=274065,ea-drop-api,ea-drop-api,FC26_20250921-carryover,fc27,2026-08-28T09:08:58.508Z,crewe-alexandra,Crewe Alexandra,eng-4,fc27,274065:BASE,BASE_LAUNCH
274197,Francesco Gelli,Francesco,Gelli,,1996-10-15,29,Italy,Italy,27,173,70,Frosinone,111657,Serie BKT,,CM,"CM, CAM",CAM,Midfielder,Right,67,67,61,65,57,59,59,61,58,49,52,63,64,67,53,36,71,70,58,70,80,75,63,71,66,49,54,44,41,56,45,49,41,73,38,50,3,2,6,8,13,12,5,,,,,,,Men's Football,0,ea-drop-api,274197,https://www.ea.com/games/ea-sports-fc/ratings?playerId=274197,ea-drop-api,ea-drop-api,FC26_20250921-carryover,fc27,2026-08-28T09:08:58.508Z,frosinone,Frosinone,ita-2,fc27,274197:BASE,BASE_LAUNCH
274394,Sean Fusire,Sean,Fusire,,2005-05-31,21,Zimbabwe,Zimbabwe,148,181,70,Sheffield Wed,1807,EFL Championship,,CM,CM,,Midfielder,Right,56,68,72,71,73,49,46,52,53,41,47,50,53,58,44,42,58,54,50,58,65,73,56,58,58,50,51,45,48,56,44,52,55,54,54,45,3,2,14,8,13,11,12,,,,,,,Men's Football,0,ea-drop-api,274394,https://www.ea.com/games/ea-sports-fc/ratings?playerId=274394,ea-drop-api,ea-drop-api,FC26_20250921-carryover,fc27,2026-08-28T09:08:58.508Z,sheffield-wed,Sheffield Wed,eng-2,fc27,274394:BASE,BASE_LAUNCH
274492,Miguel Perez,Miguel,Perez,,2005-04-28,21,USA,United States,95,180,70,St. Louis CITY SC,113018,MLS,,CDM,"CDM, CM",CM,Midfielder,Right,59,76,62,62,62,52,50,60,51,47,46,50,56,54,44,50,62,59,57,64,63,66,60,64,60,57,52,45,58,61,60,52,50,53,54,48,5,3,8,15,12,8,7,,,,,,,Men's Football,0,ea-drop-api,274492,https://www.ea.com/games/ea-sports-fc/ratings?playerId=274492,ea-drop-api,ea-drop-api,FC26_20250921-carryover,fc27,2026-08-28T09:08:58.508Z,st-louis-city-sc,St. Louis CITY SC,mls,fc27,274492:BASE,BASE_LAUNCH
274630,Jack Thomson,Jack,Thomson,,2000-01-20,26,Scotland,Scotland,42,178,75,Kilmarnock,82,Scottish Prem,,CDM,"CDM, CM",CM,Midfielder,Right,61,68,66,65,66,39,33,54,35,39,38,50,51,46,39,38,62,57,37,58,59,67,53,61,49,60,58,49,61,64,60,65,60,62,65,70,3,2,10,7,12,8,15,,,,,,,Men's Football,0,ea-drop-api,274630,https://www.ea.com/games/ea-sports-fc/ratings?playerId=274630,ea-drop-api,ea-drop-api,FC26_20250921-carryover,fc27,2026-08-28T09:08:58.508Z,kilmarnock,Kilmarnock FC,sco,fc27,274630:BASE,BASE_LAUNCH
274774,McKinley Crone,McKinley,Crone,,1998-10-20,27,USA,United States,95,170,65,Orlando Pride,116307,NWSL,,GK,GK,,Defense,Right,69,,66,36,34,67,10,50,11,10,21,5,66,40,11,10,21,29,10,69,37,57,65,19,28,35,13,12,6,10,12,70,60,35,66,15,3,1,66,67,66,70,69,,,,,,,Women's Football,1,ea-drop-api,274774,https://www.ea.com/games/ea-sports-fc/ratings?playerId=274774,ea-drop-api,ea-drop-api,,fc27,2026-08-28T09:08:58.508Z,,,,,274774:BASE,BASE_LAUNCH
274949,Nahuel Herrera,Nahuel,Herrera,,2004-12-01,21,Uruguay,Uruguay,60,186,85,,,Libertadores,,CB,CB,,Defense,Right,67,78,59,62,56,34,31,39,32,42,51,31,41,33,33,45,53,32,44,42,49,58,49,44,47,70,68,66,68,75,72,68,75,60,76,58,2,2,10,8,10,14,14,,,,,,,Men's Football,0,ea-drop-api,274949,https://www.ea.com/games/ea-sports-fc/ratings?playerId=274949,ea-drop-api,ea-drop-api,FC26_20250921-carryover,fc27,2026-08-28T09:08:58.508Z,,,,,274949:BASE,BASE_LAUNCH
275054,Edier Ocampo,Edier,Ocampo,,2003-10-03,22,Colombia,Colombia,56,171,66,Whitecaps FC,101112,MLS,,RB,"RB, RM",RM,Defense,Right,68,78,84,84,84,57,55,69,60,20,44,62,56,50,65,40,62,50,44,71,87,85,66,67,63,60,60,55,60,62,58,60,68,77,54,50,3,2,9,8,9,15,15,,,,,,,Men's Football,0,ea-drop-api,275054,https://www.ea.com/games/ea-sports-fc/ratings?playerId=275054,ea-drop-api,ea-drop-api,FC26_20250921-carryover,fc27,2026-08-28T09:08:58.508Z,vancouver-whitecaps-fc,Vancouver Whitecaps FC,mls,fc27,275054:BASE,BASE_LAUNCH
275196,Rocco Vata,Rocco,Vata,,2005-04-18,21,Ireland,Republic of Ireland,25,178,67,Watford,1795,EFL Championship,,LM,"LM, LW, CAM","LW, CAM",Midfielder,Right,67,80,85,89,82,65,62,77,65,56,49,66,59,57,56,48,64,58,58,71,85,82,65,68,63,32,33,37,28,36,28,53,59,53,53,52,3,4,8,15,8,9,11,,,,,,,Men's Football,0,ea-drop-api,275196,https://www.ea.com/games/ea-sports-fc/ratings?playerId=275196,ea-drop-api,ea-drop-api,FC26_20250921-carryover,fc27,2026-08-28T09:08:58.508Z,watford,Watford,eng-2,fc27,275196:BASE,BASE_LAUNCH
275290,Markus Karlsson,Markus,Karlsson,,2004-01-20,22,Sweden,Sweden,46,187,80,Hammarby IF,708,Allsvenskan,,CM,"CM, CDM, RB","CDM, RB",Midfielder,Right,68,75,67,70,65,60,63,58,65,36,38,66,63,68,56,47,68,67,38,65,68,58,67,66,65,63,66,62,59,66,62,72,71,83,68,67,3,2,10,13,7,14,11,,,,,,,Men's Football,0,ea-drop-api,275290,https://www.ea.com/games/ea-sports-fc/ratings?playerId=275290,ea-drop-api,ea-drop-api,FC26_20250921-carryover,fc27,2026-08-28T09:08:58.508Z,hammarby,Hammarby IF,swe,fc27,275290:BASE,BASE_LAUNCH
275396,Aurore Paprzycki,Aurore,Paprzycki,,1994-03-06,32,France,France,18,165,58,Marseille,132370,Arkema PL,,CDM,"CDM, CM",CM,Midfielder,Right,68,,70,59,79,61,59,58,68,48,61,68,68,64,68,65,71,69,65,70,63,70,66,66,70,63,65,48,69,62,55,70,59,75,69,69,3,3,7,9,8,15,5,,,,,Slide Tackle,,Women's Football,1,ea-drop-api,275396,https://www.ea.com/games/ea-sports-fc/ratings?playerId=275396,ea-drop-api,ea-drop-api,,fc27,2026-08-28T09:08:58.508Z,,,,,275396:BASE,BASE_LAUNCH
275527,Amelie Thöle,Amelie,Thöle,,2003-08-31,22,Germany,Germany,21,170,60,1. FC Nürnberg,131386,GPFBL,,CB,"CB, RB, RM","RB, RM",Defense,Right,73,,52,57,48,40,41,50,32,28,58,24,53,35,45,33,74,53,35,58,45,58,75,72,66,76,74,72,81,74,73,63,71,59,62,70,2,2,15,7,12,8,7,,,,,,,Women's Football,1,ea-drop-api,275527,https://www.ea.com/games/ea-sports-fc/ratings?playerId=275527,ea-drop-api,ea-drop-api,,fc27,2026-08-28T09:08:58.508Z,,,,,275527:BASE,BASE_LAUNCH
275639,Simon Seidl,Simon,Seidl,,2002-09-04,23,Austria,Austria,4,172,67,Blau-Weiss Linz,110720,Ö. Bundesliga,,RW,"RW, CM, CAM, RM","CM, CAM, RM",Attack,Right,67,75,76,77,75,61,63,65,62,43,38,64,62,70,56,38,67,66,40,70,66,76,62,72,64,50,51,50,41,58,53,63,65,78,56,60,3,2,13,12,6,13,10,,,,,,,Men's Football,0,ea-drop-api,275639,https://www.ea.com/games/ea-sports-fc/ratings?playerId=275639,ea-drop-api,ea-drop-api,FC26_20250921-carryover,fc27,2026-08-28T09:08:58.508Z,blau-weiss-linz,FC Blau-Weiß Linz,aut,fc27,275639:BASE,BASE_LAUNCH
275761,Andrea Romero,Andrea,Romero Burgos,Andrea Romero,1995-02-13,31,Spain,Spain,45,163,60,Granada CF,131391,Liga F Moeve,,GK,GK,,Defense,Right,63,,62,30,38,62,9,38,9,10,18,10,51,37,9,14,16,11,12,66,22,31,59,18,20,33,11,11,10,15,12,60,37,21,30,19,2,1,62,62,51,60,66,,,,,,,Women's Football,1,ea-drop-api,275761,https://www.ea.com/games/ea-sports-fc/ratings?playerId=275761,ea-drop-api,ea-drop-api,,fc27,2026-08-28T09:08:58.508Z,,,,,275761:BASE,BASE_LAUNCH
275899,Lisa Forrest,Lisa,Forrest,,2006-04-07,20,Scotland,Scotland,42,170,57,Glasgow City FC,131363,Scottish Women's League,,ST,"ST, LM",LM,Attack,Right,69,,71,71,71,68,70,68,66,65,63,70,60,51,49,69,72,51,68,68,66,61,64,72,52,37,32,73,24,41,35,59,78,61,65,37,2,2,6,14,13,14,5,,,,,,,Women's Football,1,ea-drop-api,275899,https://www.ea.com/games/ea-sports-fc/ratings?playerId=275899,ea-drop-api,ea-drop-api,,fc27,2026-08-28T09:08:58.508Z,,,,,275899:BASE,BASE_LAUNCH
275988,Kellen Fisher,Kellen,Fisher,,2004-05-05,22,England,England,14,183,73,Norwich,1792,EFL Championship,,RB,"RB, LB",LB,Defense,Right,69,77,73,74,73,43,39,51,42,39,35,54,59,58,63,40,63,54,58,65,70,68,67,66,62,66,64,54,68,70,68,71,68,75,65,80,3,2,8,6,9,6,11,,,,,,,Men's Football,0,ea-drop-api,275988,https://www.ea.com/games/ea-sports-fc/ratings?playerId=275988,ea-drop-api,ea-drop-api,FC26_20250921-carryover,fc27,2026-08-28T09:08:58.508Z,norwich,Norwich,eng-2,fc27,275988:BASE,BASE_LAUNCH
276123,Damjan Kovačević,Damjan,Kovačević,,2004-08-28,22,Austria,Austria,4,180,68,TSV Hartberg,2017,Ö. Bundesliga,,RB,"RB, RM",RM,Defense,Right,58,70,74,72,75,37,36,43,32,29,38,48,50,37,54,32,58,52,39,54,74,66,55,53,41,54,53,49,52,58,55,48,52,49,46,50,3,2,5,7,8,14,10,,,,,,,Men's Football,0,ea-drop-api,276123,https://www.ea.com/games/ea-sports-fc/ratings?playerId=276123,ea-drop-api,ea-drop-api,FC26_20250921-carryover,fc27,2026-08-28T09:08:58.508Z,hartberg,TSV Hartberg,aut,fc27,276123:BASE,BASE_LAUNCH
276259,Andrej Fábry,Andrej,Fábry,,1997-03-01,29,Slovakia,Slovakia,43,177,68,FC Univ. Cluj,110751,SUPERLIGA,,CAM,"CAM, ST, CM","ST, CM",Midfielder,Left,68,68,74,76,73,64,60,69,71,59,54,60,66,68,57,72,69,65,68,70,80,81,61,69,59,39,28,46,40,44,32,62,65,71,63,48,3,3,9,13,12,8,12,,,,,,,Men's Football,0,ea-drop-api,276259,https://www.ea.com/games/ea-sports-fc/ratings?playerId=276259,ea-drop-api,ea-drop-api,FC26_20250921-carryover,fc27,2026-08-28T09:08:58.508Z,universitatea-cluj,Universitatea Cluj,rou,fc27,276259:BASE,BASE_LAUNCH
276347,Jakub Surovčík,Jakub,Surovčík,,2002-06-28,24,Slovakia,Slovakia,43,197,92,Sparta Praha,267,Česká Liga,,GK,GK,,Defense,Left,65,73,68,26,34,65,11,52,12,7,17,12,69,53,13,15,38,47,14,66,23,21,56,27,47,29,9,23,8,12,14,61,58,35,64,22,2,1,68,65,69,61,66,,,,,,,Men's Football,0,ea-drop-api,276347,https://www.ea.com/games/ea-sports-fc/ratings?playerId=276347,ea-drop-api,ea-drop-api,FC26_20250921-carryover,fc27,2026-08-28T09:08:58.508Z,,,,,276347:BASE,BASE_LAUNCH
276445,Patri Zugasti,Patricia,Zugasti Osés,Patri Zugasti,2000-08-07,26,Spain,Spain,45,165,63,Athletic Club,116328,Liga F Moeve,,ST,"ST, LW, LM","LW, LM",Attack,Right,67,,61,58,64,69,73,66,68,59,64,69,64,61,60,69,70,59,69,68,61,61,55,72,66,32,31,58,25,31,30,65,65,67,69,51,3,3,9,14,6,11,7,,,,,,,Women's Football,1,ea-drop-api,276445,https://www.ea.com/games/ea-sports-fc/ratings?playerId=276445,ea-drop-api,ea-drop-api,,fc27,2026-08-28T09:08:58.508Z,,,,,276445:BASE,BASE_LAUNCH
276567,Jalal Abdullai,Jalal,Abdullai,,2005-01-05,21,Ghana,Ghana,117,186,80,Molde FK,417,Eliteserien,,ST,"ST, RW, LW, RM","RW, LW, RM",Attack,Right,65,77,79,78,79,62,65,62,61,59,50,63,55,55,56,45,59,46,54,62,66,63,62,63,54,27,18,61,22,26,24,64,82,55,76,41,4,3,11,8,15,10,12,,,,,,,Men's Football,0,ea-drop-api,276567,https://www.ea.com/games/ea-sports-fc/ratings?playerId=276567,ea-drop-api,ea-drop-api,FC26_20250921-carryover,fc27,2026-08-28T09:08:58.508Z,molde,Molde FK,nor,fc27,276567:BASE,BASE_LAUNCH
276660,Noel Futkeu,Noel,Futkeu,,2002-12-06,23,Germany,Germany,21,183,76,Fürth,165,Bundesliga 2,,ST,ST,,Attack,Right,70,77,71,65,76,70,74,69,67,59,63,73,49,56,34,42,59,37,50,68,73,61,66,71,66,27,17,70,21,29,18,67,75,76,72,42,3,3,6,13,9,5,13,,,,,,,Men's Football,0,ea-drop-api,276660,https://www.ea.com/games/ea-sports-fc/ratings?playerId=276660,ea-drop-api,ea-drop-api,FC26_20250921-carryover,fc27,2026-08-28T09:08:58.508Z,furth,Fürth,ger-2,fc27,276660:BASE,BASE_LAUNCH
276745,Álvaro Núñez,Álvaro,Núñez Cobo,Álvaro Núñez,2000-07-07,26,Spain,Spain,45,177,74,Elche CF,468,LALIGA EA SPORTS,,RB,"RB, RM",RM,Defense,Right,72,77,75,76,75,44,40,50,45,36,37,66,68,67,69,66,71,60,66,70,78,69,68,69,63,67,68,47,69,70,69,73,69,83,71,68,3,3,6,12,7,9,12,,,,,,,Men's Football,0,ea-drop-api,276745,https://www.ea.com/games/ea-sports-fc/ratings?playerId=276745,ea-drop-api,ea-drop-api,FC26_20250921-carryover,fc27,2026-08-28T09:08:58.508Z,elche-cf,Elche CF,esp-2,fc27,276745:BASE,BASE_LAUNCH
276840,Nathan Amanatidis,Nathan,Amanatidis,,2006-01-23,20,Australia,Australia,195,181,72,Brisbane Roar,111395,A-League,,LM,"LM, CAM, ST, LW","CAM, ST, LW",Midfielder,Right,55,72,76,78,74,51,53,56,44,39,46,56,44,46,44,44,45,39,48,61,70,73,42,60,47,28,27,39,23,29,28,50,56,33,58,48,4,2,12,6,8,9,6,,,,,,,Men's Football,0,ea-drop-api,276840,https://www.ea.com/games/ea-sports-fc/ratings?playerId=276840,ea-drop-api,ea-drop-api,FC26_20250921-carryover,fc27,2026-08-28T09:08:58.508Z,brisbane-roar,Brisbane Roar,aus,fc27,276840:BASE,BASE_LAUNCH
276944,Tommy Simkin,Tommy,Simkin,,2004-12-08,21,England,England,14,190,82,Leyton Orient,1958,EFL League One,,GK,GK,,Defense,Right,63,74,63,44,42,61,7,45,8,8,17,8,60,42,9,10,20,27,15,63,50,28,60,23,40,43,8,12,9,12,12,61,59,37,60,25,2,1,63,61,60,61,63,,,,,,,Men's Football,0,ea-drop-api,276944,https://www.ea.com/games/ea-sports-fc/ratings?playerId=276944,ea-drop-api,ea-drop-api,FC26_20250921-carryover,fc27,2026-08-28T09:08:58.508Z,leyton-orient,Leyton Orient,eng-3,fc27,276944:BASE,BASE_LAUNCH
277052,Malachi Boateng,Malachi,Boateng,,2002-07-05,24,England,England,14,182,70,Plymouth Argyle,1929,EFL League One,,CDM,"CDM, CM",CM,Midfielder,Right,65,74,59,52,64,51,47,63,49,43,45,56,60,59,59,41,67,59,45,63,67,65,63,66,61,64,67,61,64,64,62,66,65,71,68,57,2,2,8,6,6,6,8,,,,,,,Men's Football,0,ea-drop-api,277052,https://www.ea.com/games/ea-sports-fc/ratings?playerId=277052,ea-drop-api,ea-drop-api,FC26_20250921-carryover,fc27,2026-08-28T09:08:58.508Z,plymouth-argyle,Plymouth Argyle,eng-2,fc27,277052:BASE,BASE_LAUNCH
277210,Juan Francisco Rossel,Juan Francisco,Rossel,,2005-03-17,21,Chile,Chile,55,182,76,Uni. Católica,110975,Liga Chile,,LM,"LM, CAM, LW","CAM, LW",Midfielder,Right,62,78,72,70,73,58,62,58,50,50,50,63,53,60,57,38,55,45,40,64,74,60,55,64,48,26,21,53,18,28,22,59,66,62,69,28,3,3,11,7,13,7,13,,,,,,,Men's Football,0,ea-drop-api,277210,https://www.ea.com/games/ea-sports-fc/ratings?playerId=277210,ea-drop-api,ea-drop-api,FC26_20250921-carryover,fc27,2026-08-28T09:08:58.508Z,,,,,277210:BASE,BASE_LAUNCH
277293,Adedire Mebude,Adedire,Mebude,,2004-05-28,22,Scotland,Scotland,42,189,78,KVC Westerlo,681,1A Pro League,,RM,"RM, RW",RW,Midfielder,Right,64,78,75,79,72,61,57,73,59,64,63,57,56,58,58,42,59,47,59,68,76,65,62,67,60,24,25,46,22,17,26,56,65,58,61,38,3,3,6,10,5,6,15,,,,,,,Men's Football,0,ea-drop-api,277293,https://www.ea.com/games/ea-sports-fc/ratings?playerId=277293,ea-drop-api,ea-drop-api,FC26_20250921-carryover,fc27,2026-08-28T09:08:58.508Z,westerlo,KVC Westerlo,bel,fc27,277293:BASE,BASE_LAUNCH
277412,Jack Shorrock,Jack,Shorrock,,2007-04-28,19,England,England,14,178,73,Port Vale,1928,EFL League One,,LB,"LB, LM",LM,Defense,Left,59,72,77,79,76,48,43,60,49,47,45,43,53,55,54,41,52,52,54,57,78,80,55,54,52,54,57,44,52,56,53,58,55,64,51,67,3,2,10,6,8,7,8,,,,,,,Men's Football,0,ea-drop-api,277412,https://www.ea.com/games/ea-sports-fc/ratings?playerId=277412,ea-drop-api,ea-drop-api,FC26_20250921-carryover,fc27,2026-08-28T09:08:58.508Z,port-vale,Port Vale,eng-4,fc27,277412:BASE,BASE_LAUNCH
277483,Gjivai Zechiël,Gjivai,Zechiël,,2004-06-01,22,Netherlands,Holland,34,183,67,,,Eredivisie,,CM,"CM, CDM",CDM,Midfielder,Right,68,81,71,76,66,50,49,59,43,44,49,64,65,65,52,52,74,68,61,72,82,63,65,72,69,67,67,59,69,69,63,68,73,72,66,68,3,3,9,7,9,7,8,,,,,"Inventive, Intercept, Technical",,Men's Football,0,ea-drop-api,277483,https://www.ea.com/games/ea-sports-fc/ratings?playerId=277483,ea-drop-api,ea-drop-api,FC26_20250921-carryover,fc27,2026-08-28T09:08:58.508Z,fc-utrecht,FC Utrecht,ned,fc26-backfill,277483:BASE,BASE_LAUNCH
277551,Conor McMenamin,Conor,McMenamin,,1995-08-24,31,Northern Ireland,Northern Ireland,35,183,70,St. Mirren,100805,Scottish Prem,,RW,"RW, RB, RM","RB, RM",Attack,Left,63,63,76,80,73,57,59,60,51,54,48,58,57,53,63,35,60,51,61,64,76,67,56,61,55,28,24,38,27,30,24,48,54,47,51,42,3,3,9,11,8,8,12,,,,,,,Men's Football,0,ea-drop-api,277551,https://www.ea.com/games/ea-sports-fc/ratings?playerId=277551,ea-drop-api,ea-drop-api,FC26_20250921-carryover,fc27,2026-08-28T09:08:58.508Z,st-mirren,St Mirren FC,sco,fc27,277551:BASE,BASE_LAUNCH
277633,Riley Jackson,Riley,Jackson,,2005-12-02,20,USA,United States,95,172,57,NC Courage,116303,NWSL,,CM,"CM, CDM",CDM,Midfielder,Right,69,,64,68,61,63,60,69,67,60,59,66,69,67,68,67,71,69,68,68,63,67,67,72,55,64,66,59,65,66,55,58,58,73,47,66,3,2,7,12,9,11,9,,,,,,,Women's Football,1,ea-drop-api,277633,https://www.ea.com/games/ea-sports-fc/ratings?playerId=277633,ea-drop-api,ea-drop-api,,fc27,2026-08-28T09:08:58.508Z,,,,,277633:BASE,BASE_LAUNCH
277744,Taylan Utku Aydın,Taylan Utku,Aydın,,2006-02-10,20,Turkey,Turkey,48,180,75,Kasımpaşa,111339,Trendyol Süper Lig,,CB,CB,,Defense,Right,57,72,38,45,33,34,29,48,28,29,48,32,42,33,36,28,54,38,34,42,34,57,56,50,52,59,54,55,56,64,67,58,54,64,57,53,3,2,11,9,13,9,8,,,,,,,Men's Football,0,ea-drop-api,277744,https://www.ea.com/games/ea-sports-fc/ratings?playerId=277744,ea-drop-api,ea-drop-api,FC26_20250921-carryover,fc27,2026-08-28T09:08:58.508Z,kasimpasa,Kasımpaşa SK,tur,fc27,277744:BASE,BASE_LAUNCH
277842,Jascha Brandt,Jascha,Brandt,,2003-03-20,23,Germany,Germany,21,184,74,SV Waldhof,110532,3. Liga,,CAM,"CAM, LM, RM, CM","LM, RM, CM",Midfielder,Left,61,68,77,75,79,44,41,55,35,44,53,57,60,60,56,41,66,61,46,64,69,69,61,65,60,33,25,37,41,28,38,54,54,59,56,43,4,3,10,13,14,11,9,,,,,,,Men's Football,0,ea-drop-api,277842,https://www.ea.com/games/ea-sports-fc/ratings?playerId=277842,ea-drop-api,ea-drop-api,FC26_20250921-carryover,fc27,2026-08-28T09:08:58.508Z,sv-waldhof,SV Waldhof,ger-3,fc27,277842:BASE,BASE_LAUNCH
277928,Mannou Berger,Mannou,Berger,,2004-10-15,21,Netherlands,Holland,34,181,72,,,Eredivisie,,GK,GK,,Defense,Right,59,73,60,20,25,57,16,40,19,17,16,4,53,27,11,23,17,24,23,64,30,26,52,20,32,22,20,11,8,12,14,57,53,23,69,31,3,1,60,57,53,57,64,,,,,,,Men's Football,0,ea-drop-api,277928,https://www.ea.com/games/ea-sports-fc/ratings?playerId=277928,ea-drop-api,ea-drop-api,FC26_20250921-carryover,fc27,2026-08-28T09:08:58.508Z,feyenoord,Feyenoord Rotterdam,ned,fc26-backfill,277928:BASE,BASE_LAUNCH
278014,Alessandro Riccio,Alessandro,Riccio,,2002-02-06,24,Italy,Italy,27,187,78,Sampdoria,1837,Serie BKT,,CB,CB,,Defense,Right,66,72,52,55,49,31,27,40,26,34,42,27,45,36,29,31,61,52,33,44,33,56,65,56,48,67,65,65,67,69,69,66,66,69,65,66,3,2,6,9,6,11,9,,,,,,,Men's Football,0,ea-drop-api,278014,https://www.ea.com/games/ea-sports-fc/ratings?playerId=278014,ea-drop-api,ea-drop-api,FC26_20250921-carryover,fc27,2026-08-28T09:08:58.508Z,sampdoria,Sampdoria,ita-2,fc27,278014:BASE,BASE_LAUNCH
278099,Marco Pissardo,Marco,Pissardo,,1998-01-08,28,Italy,Italy,27,184,78,,,Serie BKT,,GK,GK,,Defense,Right,60,63,58,36,36,61,8,46,8,8,16,9,61,33,12,13,23,22,9,64,39,42,48,27,32,36,15,13,9,11,15,60,49,21,50,27,1,1,58,61,61,60,64,,,,,,,Men's Football,0,ea-drop-api,278099,https://www.ea.com/games/ea-sports-fc/ratings?playerId=278099,ea-drop-api,ea-drop-api,FC26_20250921-carryover,fc27,2026-08-28T09:08:58.508Z,bari,Bari,ita-2,fc26-backfill,278099:BASE,BASE_LAUNCH
278195,Olaya Rodríguez,Olaya,Enrique Rodríguez,Olaya Rodríguez,2005-10-05,20,Spain,Spain,45,164,51,RC Deportivo,131720,Liga F Moeve,,CAM,"CAM, LW, CM","LW, CM",Midfielder,Right,72,,75,74,75,64,60,70,73,35,70,72,71,73,70,75,74,63,68,72,72,70,73,74,60,52,50,63,41,60,50,63,69,71,56,70,2,3,13,11,8,12,10,,,,,,,Women's Football,1,ea-drop-api,278195,https://www.ea.com/games/ea-sports-fc/ratings?playerId=278195,ea-drop-api,ea-drop-api,,fc27,2026-08-28T09:08:58.508Z,,,,,278195:BASE,BASE_LAUNCH
